{
  "id": "a267c035-343e-4c5f-9d56-06febe26adbf",
  "alias": "GD Midea Air-Conditioning Equipment Device",
  "hostname": "",
  "ip_address": "10.1.8.48",
  "mac_address": "AC:93:C4:0F:7F:F2",
  "status": "up",
  "notes": "",
  "tags": [
    "scanned"
  ],
  "mac_vendor": "GD Midea Air-Conditioning Equipment",
  "scan_source": "nmap",
  "scan_timestamp": "2025-05-12 12:29:25",
  "type": "scanned",
  "name": "New Scanned Device",
  "created": "2025-05-12 12:29:25",
  "associated_files": {}
}