{
  "Cisco_IOS_XE_16.x_Show_Version": {
    "2025-05-14T12:04:51.613714": {
      "output": "Cisco IOS XE Software, Version 16.12.12\r\nCisco IOS Software [Gibraltar], Catalyst L3 Switch Software (CAT3K_CAA-UNIVERSALK9-M), Version 16.12.12, RELEASE SOFTWARE (fc2)\r\nTechnical Support: http://www.cisco.com/techsupport\r\nCopyright (c) 1986-2024 by Cisco Systems, Inc.\r\nCompiled Thu 12-Sep-24 03:45 by mcpre\r\n\r\n\r\nCisco IOS-XE software, Copyright (c) 2005-2024 by cisco Systems, Inc.\r\nAll rights reserved.  Certain components of Cisco IOS-XE software are\r\nlicensed under the GNU General Public License (\"GPL\") Version 2.0.  The\r\nsoftware code licensed under GPL Version 2.0 is free software that comes\r\nwith ABSOLUTELY NO WARRANTY.  You can redistribute and/or modify such\r\nGPL code under the terms of GPL Version 2.0.  For more details, see the\r\ndocumentation or \"License Notice\" file accompanying the IOS-XE software,\r\nor the applicable URL provided on the flyer accompanying the IOS-XE\r\nsoftware.\r\n\r\n\r\nROM: IOS-XE ROMMON\r\nBOOTLDR: CAT3K_CAA Boot Loader (CAT3K_CAA-HBOOT-M) Version 6.08, RELEASE SOFTWARE (P)\r\n\r\nDM-CORE-3850-1 uptime is 5 weeks, 4 days, 3 hours, 28 minutes\r\nUptime for this control processor is 5 weeks, 4 days, 3 hours, 30 minutes\r\nSystem returned to ROM by Power Failure or Unknown\r\nSystem image file is \"flash:packages.conf\"\r\nLast reload reason: Power Failure or Unknown\r\n\r\n\r\n\r\nThis product contains cryptographic features and is subject to United\r\nStates and local country laws governing import, export, transfer and\r\nuse. Delivery of Cisco cryptographic products does not imply\r\nthird-party authority to import, export, distribute or use encryption.\r\nImporters, exporters, distributors and users are responsible for\r\ncompliance with U.S. and local country laws. By using this product you\r\nagree to comply with applicable laws and regulations. If you are unable\r\nto comply with U.S. and local laws, return this product immediately.\r\n\r\nA summary of U.S. laws governing Cisco cryptographic products may be found at:\r\nhttp://www.cisco.com/wwl/export/crypto/tool/stqrg.html\r\n\r\nIf you require further assistance please contact us by sending email to\r\nexport@cisco.com.\r\n\r\n\r\nTechnology Package License Information: \r\n\r\n------------------------------------------------------------------------------\r\nTechnology-package                                     Technology-package\r\nCurrent                        Type                       Next reboot  \r\n------------------------------------------------------------------------------\r\nlanbasek9           \tSmart License                 \t lanbasek9           \r\nNone                \tSubscription Smart License    \t None                          \r\n\r\n\r\nSmart Licensing Status: UNREGISTERED/EVAL MODE\r\n\r\ncisco WS-C3850-24XU (MIPS) processor (revision G0) with 794817K/6147K bytes of memory.\r\nProcessor board ID FCW2121C131\r\n8 Virtual Ethernet interfaces\r\n4 Gigabit Ethernet interfaces\r\n32 Ten Gigabit Ethernet interfaces\r\n2 Forty Gigabit Ethernet interfaces\r\n2048K bytes of non-volatile configuration memory.\r\n4194304K bytes of physical memory.\r\n250456K bytes of Crash Files at crashinfo:.\r\n1609272K bytes of Flash at flash:.\r\n0K bytes of WebUI ODM Files at webui:.\r\n\r\nBase Ethernet MAC Address          : a0:f8:49:4e:ed:80\r\nMotherboard Assembly Number        : 73-15756-06\r\nMotherboard Serial Number          : FOC21201KGX\r\nModel Revision Number              : G0\r\nMotherboard Revision Number        : A0\r\nModel Number                       : WS-C3850-24XU\r\nSystem Serial Number               : FCW2121C131\r\n\r\n\r\nSwitch Ports Model              SW Version        SW Image              Mode   \r\n------ ----- -----              ----------        ----------            ----   \r\n*    1 38    WS-C3850-24XU      16.12.12          CAT3K_CAA-UNIVERSALK9 INSTALL\r\n\r\n\r\nConfiguration register is 0x102",
      "success": true,
      "command": "show version"
    },
    "2025-05-14T12:24:15.902461": {
      "output": "Cisco IOS XE Software, Version 16.12.12\r\nCisco IOS Software [Gibraltar], Catalyst L3 Switch Software (CAT3K_CAA-UNIVERSALK9-M), Version 16.12.12, RELEASE SOFTWARE (fc2)\r\nTechnical Support: http://www.cisco.com/techsupport\r\nCopyright (c) 1986-2024 by Cisco Systems, Inc.\r\nCompiled Thu 12-Sep-24 03:45 by mcpre\r\n\r\n\r\nCisco IOS-XE software, Copyright (c) 2005-2024 by cisco Systems, Inc.\r\nAll rights reserved.  Certain components of Cisco IOS-XE software are\r\nlicensed under the GNU General Public License (\"GPL\") Version 2.0.  The\r\nsoftware code licensed under GPL Version 2.0 is free software that comes\r\nwith ABSOLUTELY NO WARRANTY.  You can redistribute and/or modify such\r\nGPL code under the terms of GPL Version 2.0.  For more details, see the\r\ndocumentation or \"License Notice\" file accompanying the IOS-XE software,\r\nor the applicable URL provided on the flyer accompanying the IOS-XE\r\nsoftware.\r\n\r\n\r\nROM: IOS-XE ROMMON\r\nBOOTLDR: CAT3K_CAA Boot Loader (CAT3K_CAA-HBOOT-M) Version 6.08, RELEASE SOFTWARE (P)\r\n\r\nDM-CORE-3850-1 uptime is 5 weeks, 4 days, 3 hours, 48 minutes\r\nUptime for this control processor is 5 weeks, 4 days, 3 hours, 50 minutes\r\nSystem returned to ROM by Power Failure or Unknown\r\nSystem image file is \"flash:packages.conf\"\r\nLast reload reason: Power Failure or Unknown\r\n\r\n\r\n\r\nThis product contains cryptographic features and is subject to United\r\nStates and local country laws governing import, export, transfer and\r\nuse. Delivery of Cisco cryptographic products does not imply\r\nthird-party authority to import, export, distribute or use encryption.\r\nImporters, exporters, distributors and users are responsible for\r\ncompliance with U.S. and local country laws. By using this product you\r\nagree to comply with applicable laws and regulations. If you are unable\r\nto comply with U.S. and local laws, return this product immediately.\r\n\r\nA summary of U.S. laws governing Cisco cryptographic products may be found at:\r\nhttp://www.cisco.com/wwl/export/crypto/tool/stqrg.html\r\n\r\nIf you require further assistance please contact us by sending email to\r\nexport@cisco.com.\r\n\r\n\r\nTechnology Package License Information: \r\n\r\n------------------------------------------------------------------------------\r\nTechnology-package                                     Technology-package\r\nCurrent                        Type                       Next reboot  \r\n------------------------------------------------------------------------------\r\nlanbasek9           \tSmart License                 \t lanbasek9           \r\nNone                \tSubscription Smart License    \t None                          \r\n\r\n\r\nSmart Licensing Status: UNREGISTERED/EVAL MODE\r\n\r\ncisco WS-C3850-24XU (MIPS) processor (revision G0) with 794817K/6147K bytes of memory.\r\nProcessor board ID FCW2121C131\r\n8 Virtual Ethernet interfaces\r\n4 Gigabit Ethernet interfaces\r\n32 Ten Gigabit Ethernet interfaces\r\n2 Forty Gigabit Ethernet interfaces\r\n2048K bytes of non-volatile configuration memory.\r\n4194304K bytes of physical memory.\r\n250456K bytes of Crash Files at crashinfo:.\r\n1609272K bytes of Flash at flash:.\r\n0K bytes of WebUI ODM Files at webui:.\r\n\r\nBase Ethernet MAC Address          : a0:f8:49:4e:ed:80\r\nMotherboard Assembly Number        : 73-15756-06\r\nMotherboard Serial Number          : FOC21201KGX\r\nModel Revision Number              : G0\r\nMotherboard Revision Number        : A0\r\nModel Number                       : WS-C3850-24XU\r\nSystem Serial Number               : FCW2121C131\r\n\r\n\r\nSwitch Ports Model              SW Version        SW Image              Mode   \r\n------ ----- -----              ----------        ----------            ----   \r\n*    1 38    WS-C3850-24XU      16.12.12          CAT3K_CAA-UNIVERSALK9 INSTALL\r\n\r\n\r\nConfiguration register is 0x102",
      "success": true,
      "command": "show version"
    }
  },
  "Cisco_IOS_XE_16.x_Show_Running_Config": {
    "2025-05-14T12:04:52.959899": {
      "output": "Building configuration...\r\n\r\nCurrent configuration : 13719 bytes\r\n!\r\n! Last configuration change at 09:54:10 CDT Sun Apr 6 2025 by admin\r\n!\r\nversion 16.12\r\nno service pad\r\nservice tcp-keepalives-in\r\nservice tcp-keepalives-out\r\nservice timestamps debug datetime msec localtime show-timezone\r\nservice timestamps log datetime msec\r\nservice password-encryption\r\nservice compress-config\r\nservice sequence-numbers\r\n! Call-home is enabled by Smart-Licensing.\r\nservice call-home\r\nplatform punt-keepalive disable-kernel-core\r\nplatform management port rate-limt-enabled\r\n!\r\nhostname DM-CORE-3850-1\r\n!\r\n!\r\nvrf definition Mgmt-vrf\r\n !\r\n address-family ipv4\r\n exit-address-family\r\n !\r\n address-family ipv6\r\n exit-address-family\r\n!\r\nlogging userinfo\r\nenable secret 9 $9$yKLCp7cuoYhyF.$rNpTNSpAR0yD0PJ6yALY68OBLwOlNn4zz17Q0X8Glus\r\n!\r\naaa new-model\r\n!\r\n!\r\n!\r\n!\r\n!\r\n!\r\n!\r\n!\r\naaa session-id common\r\nclock timezone CST -6 0\r\nclock summer-time CDT recurring\r\nswitch 1 provision ws-c3850-24xu\r\nsoftware auto-upgrade enable\r\n!\r\n!\r\n!\r\n!\r\n!\r\n!\r\ncoap http enable\r\n!\r\ncall-home\r\n ! If contact email address in call-home is configured as sch-smart-licensing@cisco.com\r\n ! the email address configured in Cisco Smart License Portal will be used as contact email address to send SCH notifications.\r\n contact-email-addr sch-smart-licensing@cisco.com\r\n profile \"CiscoTAC-1\"\r\n  active\r\n  destination transport-method http\r\n  no destination transport-method email\r\nip routing\r\n!\r\n!\r\n!\r\n!\r\n!\r\nip name-server 10.10.50.45 10.10.50.46 1.1.1.1\r\nno ip domain lookup\r\nip domain name chibashr.local\r\n!\r\n!\r\n!\r\nlogin on-success log\r\n!\r\n!\r\n!\r\n!\r\n!\r\nqos queue-softmax-multiplier 1200\r\nvtp mode transparent\r\nudld enable\r\n\r\nno device-tracking logging theft\r\npassword encryption aes\r\n!\r\nsource template SERVER\r\n!\r\n!\r\ncrypto pki trustpoint SLA-TrustPoint\r\n enrollment pkcs12\r\n revocation-check crl\r\n!\r\n!\r\ncrypto pki certificate chain SLA-TrustPoint\r\n certificate ca 01\r\n  30820321 30820209 A0030201 02020101 300D0609 2A864886 F70D0101 0B050030 \r\n  32310E30 0C060355 040A1305 43697363 6F312030 1E060355 04031317 43697363 \r\n  6F204C69 63656E73 696E6720 526F6F74 20434130 1E170D31 33303533 30313934 \r\n  3834375A 170D3338 30353330 31393438 34375A30 32310E30 0C060355 040A1305 \r\n  43697363 6F312030 1E060355 04031317 43697363 6F204C69 63656E73 696E6720 \r\n  526F6F74 20434130 82012230 0D06092A 864886F7 0D010101 05000382 010F0030 \r\n  82010A02 82010100 A6BCBD96 131E05F7 145EA72C 2CD686E6 17222EA1 F1EFF64D \r\n  CBB4C798 212AA147 C655D8D7 9471380D 8711441E 1AAF071A 9CAE6388 8A38E520 \r\n  1C394D78 462EF239 C659F715 B98C0A59 5BBB5CBD 0CFEBEA3 700A8BF7 D8F256EE \r\n  4AA4E80D DB6FD1C9 60B1FD18 FFC69C96 6FA68957 A2617DE7 104FDC5F EA2956AC \r\n  7390A3EB 2B5436AD C847A2C5 DAB553EB 69A9A535 58E9F3E3 C0BD23CF 58BD7188 \r\n  68E69491 20F320E7 948E71D7 AE3BCC84 F10684C7 4BC8E00F 539BA42B 42C68BB7 \r\n  C7479096 B4CB2D62 EA2F505D C7B062A4 6811D95B E8250FC4 5D5D5FB8 8F27D191 \r\n  C55F0D76 61F9A4CD 3D992327 A8BB03BD 4E6D7069 7CBADF8B DF5F4368 95135E44 \r\n  DFC7C6CF 04DD7FD1 02030100 01A34230 40300E06 03551D0F 0101FF04 04030201 \r\n  06300F06 03551D13 0101FF04 05300301 01FF301D 0603551D 0E041604 1449DC85 \r\n  4B3D31E5 1B3E6A17 606AF333 3D3B4C73 E8300D06 092A8648 86F70D01 010B0500 \r\n  03820101 00507F24 D3932A66 86025D9F E838AE5C 6D4DF6B0 49631C78 240DA905 \r\n  604EDCDE FF4FED2B 77FC460E CD636FDB DD44681E 3A5673AB 9093D3B1 6C9E3D8B \r\n  D98987BF E40CBD9E 1AECA0C2 2189BB5C 8FA85686 CD98B646 5575B146 8DFC66A8 \r\n  467A3DF4 4D565700 6ADF0F0D CF835015 3C04FF7C 21E878AC 11BA9CD2 55A9232C \r\n  7CA7B7E6 C1AF74F6 152E99B7 B1FCF9BB E973DE7F 5BDDEB86 C71E3B49 1765308B \r\n  5FB0DA06 B92AFE7F 494E8A9E 07B85737 F3A58BE1 1A48A229 C37C1E69 39F08678 \r\n  80DDCD16 D6BACECA EEBC7CF9 8428787B 35202CDC 60E4616A B623CDBD 230E3AFB \r\n  418616A9 4093E049 4D10AB75 27E86F73 932E35B5 8862FDAE 0275156F 719BB2F0 \r\n  D697DF7F 28\r\n  \tquit\r\n!\r\nport-channel load-balance src-dst-mac\r\nauto qos global compact\r\n!\r\n!\r\ndiagnostic bootup level minimal\r\n!\r\nspanning-tree mode rapid-pvst\r\nspanning-tree extend system-id\r\nmemory free low-watermark processor 79468\r\n!\r\nerrdisable recovery cause udld\r\nerrdisable recovery cause bpduguard\r\nerrdisable recovery cause security-violation\r\nerrdisable recovery cause channel-misconfig\r\nerrdisable recovery cause pagp-flap\r\nerrdisable recovery cause dtp-flap\r\nerrdisable recovery cause link-flap\r\nerrdisable recovery cause sfp-config-mismatch\r\nerrdisable recovery cause gbic-invalid\r\nerrdisable recovery cause l2ptguard\r\nerrdisable recovery cause psecure-violation\r\nerrdisable recovery cause port-mode-failure\r\nerrdisable recovery cause dhcp-rate-limit\r\nerrdisable recovery cause pppoe-ia-rate-limit\r\nerrdisable recovery cause mac-limit\r\nerrdisable recovery cause storm-control\r\nerrdisable recovery cause inline-power\r\nerrdisable recovery cause arp-inspection\r\nerrdisable recovery cause loopback\r\nerrdisable recovery cause psp\r\nerrdisable recovery interval 30\r\nusername admin privilege 15 secret 9 $9$L6LdGJUHCJCha.$PAMlTHpGdhiY5tHVNsMxepCdj3x0YoiULQCrch4vHes\r\n!\r\nredundancy\r\n mode sso\r\n!\r\n!\r\n!\r\n!\r\n!\r\ntransceiver type all\r\n monitoring\r\nno hw-switch switch 1 logging onboard counter\r\nno hw-switch switch 1 logging onboard environment\r\nno hw-switch switch 1 logging onboard message\r\nno hw-switch switch 1 logging onboard poe\r\nno hw-switch switch 1 logging onboard temperature\r\nno hw-switch switch 1 logging onboard voltage\r\n!\r\nvlan 99\r\n name MGMT\r\n!\r\nvlan 100\r\n name DM_MGMT\r\n!\r\nvlan 101\r\n name DM_Server\r\n!\r\nvlan 102\r\n name DM_STORAGE\r\n!\r\nvlan 103\r\n name DM_VPN\r\n!\r\nvlan 104\r\n name DM_PUBLIC\r\n!\r\nvlan 108\r\n name DM_DATA\r\n!\r\nvlan 112\r\n name DM_VOICE\r\n!\r\nvlan 116\r\n name DM_DMZ\r\nlldp run\r\n!\r\n!\r\nclass-map match-any system-cpp-police-topology-control\r\n  description Topology control\r\nclass-map match-any system-cpp-police-sw-forward\r\n  description Sw forwarding, L2 LVX data, LOGGING\r\nclass-map match-any system-cpp-default\r\n  description EWLC control, EWLC data, Inter FED \r\nclass-map match-any system-cpp-police-sys-data\r\n  description Learning cache ovfl, High Rate App, Exception, EGR Exception, NFL SAMPLED DATA, RPF Failed\r\nclass-map match-any system-cpp-police-punt-webauth\r\n  description Punt Webauth\r\nclass-map match-any system-cpp-police-l2lvx-control\r\n  description L2 LVX control packets\r\nclass-map match-any system-cpp-police-forus\r\n  description Forus Address resolution and Forus traffic\r\nclass-map match-any system-cpp-police-multicast-end-station\r\n  description MCAST END STATION\r\nclass-map match-any system-cpp-police-multicast\r\n  description Transit Traffic and MCAST Data\r\nclass-map match-any system-cpp-police-l2-control\r\n  description L2 control\r\nclass-map match-any system-cpp-police-dot1x-auth\r\n  description DOT1X Auth\r\nclass-map match-any system-cpp-police-data\r\n  description ICMP redirect, ICMP_GEN and BROADCAST\r\nclass-map match-any system-cpp-police-stackwise-virt-control\r\n  description Stackwise Virtual\r\nclass-map match-any non-client-nrt-class\r\nclass-map match-any system-cpp-police-routing-control\r\n  description Routing control and Low Latency\r\nclass-map match-any system-cpp-police-protocol-snooping\r\n  description Protocol snooping\r\nclass-map match-any system-cpp-police-dhcp-snooping\r\n  description DHCP snooping\r\nclass-map match-any system-cpp-police-system-critical\r\n  description System Critical and Gold Pkt\r\n!\r\npolicy-map system-cpp-policy\r\n!\r\n! \r\n!\r\n!\r\n!\r\n!\r\n!\r\n!\r\n!\r\n!\r\ntemplate AP\r\n spanning-tree portfast trunk\r\n spanning-tree guard root\r\n switchport trunk native vlan 99\r\n switchport mode trunk\r\n description AP\r\n!\r\ntemplate ENDPOINT\r\n switchport access vlan 108\r\n switchport mode access\r\n switchport voice vlan 112\r\n description ENDPOINT\r\n!\r\ntemplate PA\r\n!\r\ntemplate SERVER\r\n switchport trunk native vlan 99\r\n switchport mode trunk\r\n description SERVER\r\n!\r\ntemplate TRUNK\r\n spanning-tree portfast disable\r\n spanning-tree link-type point-to-point\r\n switchport mode trunk\r\n switchport nonegotiate\r\n service-policy input QOS-INGRESS\r\n service-policy output QOS-EGRESS\r\n description TRUNK\r\n!\r\n!\r\ninterface Port-channel1\r\n description SYNOLOGY NAS\r\n switchport trunk native vlan 99\r\n switchport mode trunk\r\n!\r\ninterface GigabitEthernet0/0\r\n vrf forwarding Mgmt-vrf\r\n no ip address\r\n negotiation auto\r\n!\r\ninterface TenGigabitEthernet1/0/1\r\n description UPLINK TO PFSENSE\r\n switchport mode trunk\r\n auto qos trust \r\n!\r\ninterface TenGigabitEthernet1/0/2\r\n description UPLINK TO WAN\r\n switchport trunk allowed vlan 100,101,104,108,112\r\n switchport mode access\r\n auto qos trust \r\n!\r\ninterface TenGigabitEthernet1/0/3\r\n switchport access vlan 108\r\n auto qos trust \r\n source template ENDPOINT\r\n spanning-tree portfast\r\n!\r\ninterface TenGigabitEthernet1/0/4\r\n auto qos trust \r\n source template ENDPOINT\r\n spanning-tree portfast\r\n!\r\ninterface TenGigabitEthernet1/0/5\r\n auto qos trust \r\n source template ENDPOINT\r\n spanning-tree portfast\r\n!\r\ninterface TenGigabitEthernet1/0/6\r\n auto qos trust \r\n source template ENDPOINT\r\n spanning-tree portfast\r\n!\r\ninterface TenGigabitEthernet1/0/7\r\n auto qos trust \r\n source template ENDPOINT\r\n spanning-tree portfast\r\n!\r\ninterface TenGigabitEthernet1/0/8\r\n auto qos trust \r\n source template ENDPOINT\r\n spanning-tree portfast\r\n!\r\ninterface TenGigabitEthernet1/0/9\r\n auto qos trust \r\n source template ENDPOINT\r\n spanning-tree portfast\r\n!\r\ninterface TenGigabitEthernet1/0/10\r\n auto qos trust \r\n source template ENDPOINT\r\n spanning-tree portfast\r\n!\r\ninterface TenGigabitEthernet1/0/11\r\n auto qos trust \r\n source template ENDPOINT\r\n spanning-tree portfast\r\n!\r\ninterface TenGigabitEthernet1/0/12\r\n auto qos trust \r\n source template ENDPOINT\r\n spanning-tree portfast\r\n!\r\ninterface TenGigabitEthernet1/0/13\r\n auto qos trust \r\n source template ENDPOINT\r\n spanning-tree portfast\r\n!\r\ninterface TenGigabitEthernet1/0/14\r\n auto qos trust \r\n source template ENDPOINT\r\n spanning-tree portfast\r\n!\r\ninterface TenGigabitEthernet1/0/15\r\n switchport trunk native vlan 99\r\n switchport mode trunk\r\n channel-group 1 mode active\r\n!\r\ninterface TenGigabitEthernet1/0/16\r\n switchport trunk native vlan 99\r\n switchport mode trunk\r\n channel-group 1 mode active\r\n!\r\ninterface TenGigabitEthernet1/0/17\r\n auto qos trust \r\n source template SERVER\r\n!\r\ninterface TenGigabitEthernet1/0/18\r\n auto qos trust \r\n source template SERVER\r\n!\r\ninterface TenGigabitEthernet1/0/19\r\n source template SERVER\r\n!\r\ninterface TenGigabitEthernet1/0/20\r\n auto qos trust \r\n source template SERVER\r\n!\r\ninterface TenGigabitEthernet1/0/21\r\n auto qos trust \r\n source template SERVER\r\n!\r\ninterface TenGigabitEthernet1/0/22\r\n auto qos trust \r\n source template SERVER\r\n!\r\ninterface TenGigabitEthernet1/0/23\r\n source template AP\r\n!\r\ninterface TenGigabitEthernet1/0/24\r\n source template AP\r\n!\r\ninterface GigabitEthernet1/1/1\r\n!\r\ninterface GigabitEthernet1/1/2\r\n!\r\ninterface GigabitEthernet1/1/3\r\n shutdown\r\n!\r\ninterface GigabitEthernet1/1/4\r\n shutdown\r\n!\r\ninterface TenGigabitEthernet1/1/1\r\n!\r\ninterface TenGigabitEthernet1/1/2\r\n!\r\ninterface TenGigabitEthernet1/1/3\r\n shutdown\r\n!\r\ninterface TenGigabitEthernet1/1/4\r\n shutdown\r\n!\r\ninterface TenGigabitEthernet1/1/5\r\n!\r\ninterface TenGigabitEthernet1/1/6\r\n!\r\ninterface TenGigabitEthernet1/1/7\r\n!\r\ninterface TenGigabitEthernet1/1/8\r\n!\r\ninterface FortyGigabitEthernet1/1/1\r\n!\r\ninterface FortyGigabitEthernet1/1/2\r\n!\r\ninterface Vlan1\r\n no ip address\r\n shutdown\r\n!\r\ninterface Vlan99\r\n description MGMT\r\n ip address 10.10.99.1 255.255.255.0\r\n ip helper-address 10.10.99.5\r\n no ip redirects\r\n no ip unreachables\r\n no ip proxy-arp\r\n!\r\ninterface Vlan100\r\n description MGMT\r\n ip address 10.1.0.2 255.255.255.0\r\n no ip redirects\r\n no ip unreachables\r\n no ip proxy-arp\r\n!\r\ninterface Vlan101\r\n description SERVER\r\n ip address 10.1.1.2 255.255.255.0\r\n!\r\ninterface Vlan104\r\n no ip address\r\n!\r\ninterface Vlan108\r\n description DATA\r\n ip address 10.1.8.2 255.255.252.0\r\n!\r\ninterface Vlan112\r\n no ip address\r\n!\r\ninterface Vlan116\r\n ip address 10.1.16.2 255.255.255.0\r\n!\r\nip default-gateway 10.1.8.1\r\nip forward-protocol nd\r\nno ip http server\r\nno ip http secure-server\r\nip route 0.0.0.0 0.0.0.0 10.1.8.1\r\nip route 10.1.16.0 255.255.255.0 10.1.16.1\r\nip ssh version 2\r\n!\r\nip access-list standard DMZ\r\n 10 permit 10.1.16.10\r\n 20 permit 10.1.16.1\r\n 30 deny   any\r\n!\r\n!\r\nlogging trap debugging\r\nlogging origin-id hostname\r\nlogging source-interface Vlan100\r\nlogging host 10.1.1.12 transport udp port 1514\r\nip access-list standard 22\r\nip access-list standard 99\r\n!\r\nsnmp-server group networksnmp v3 priv \r\nsnmp-server community networksnmp RO 22\r\nsnmp-server community public RO 99\r\nsnmp-server contact Michael Du Mez\r\n!\r\n!\r\n!\r\ncontrol-plane\r\n service-policy input system-cpp-policy\r\n!\r\nbanner exec ^C\r\n              Welcome to $(hostname)\r\n              You are on VTY line $(line)\r\n^C\r\nbanner login ^C\r\n   *******************************************************************************\r\n                              NOTICE TO USERS\r\n*******************************************************************************\r\nThis computer system is private property and may be accessed only by\r\nauthorized users. Users (authorized or unauthorized) have no explicit or\r\nimplicit expectation of privacy for any communication on or stored information\r\naccessible from this system; including Information stored on local drives\r\nremote network storage, cloud, or other mobile storage media.\r\n\r\nAny usage of this system and the information contained may be intercepted,\r\nmonitored, recorded, copied, audited, inspected, and disclosed to company,\r\ngovernment and law enforcement personnel with or without your knowledge.\r\n\r\nYou must have explicit permission to access or configure this device.\r\nUnauthorized or improper use of this system may result in civil and\r\ncriminal penalties and administrative or disciplinary action, as appropriate.\r\nBy continuing to use this system you indicate your awareness of and consent\r\nto these terms and conditions of use.\r\n\r\nLOG OFF IMMEDIATELY if you do not agree to the conditions.\r\n\r\n*******************************************************************************\r\n          $(hostname)\r\n          $(domain)\r\n*******************************************************************************\r\n^C\r\n!\r\nline con 0\r\n exec-timeout 0 0\r\n logging synchronous\r\n stopbits 1\r\nline aux 0\r\n stopbits 1\r\nline vty 0 4\r\n privilege level 15\r\n logging synchronous\r\n transport input ssh\r\nline vty 5 15\r\n logging synchronous\r\n transport input ssh\r\n!\r\n!\r\n!\r\n!\r\n!\r\n!\r\n!\r\nend",
      "success": true,
      "command": "show running-config"
    }
  },
  "Cisco_IOS_XE_16.x_Show_Interfaces": {
    "2025-05-14T12:04:53.900679": {
      "output": "Vlan1 is administratively down, line protocol is down , Autostate Enabled\r\n  Hardware is Ethernet SVI, address is a0f8.494e.edc7 (bia a0f8.494e.edc7)\r\n  MTU 1500 bytes, BW 1000000 Kbit/sec, DLY 10 usec, \r\n     reliability 255/255, txload 1/255, rxload 1/255\r\n  Encapsulation ARPA, loopback not set\r\n  Keepalive not supported \r\n  ARP type: ARPA, ARP Timeout 04:00:00\r\n  Last input never, output never, output hang never\r\n  Last clearing of \"show interface\" counters never\r\n  Input queue: 0/375/0/0 (size/max/drops/flushes); Total output drops: 0\r\n  Queueing strategy: fifo\r\n  Output queue: 0/40 (size/max)\r\n  5 minute input rate 0 bits/sec, 0 packets/sec\r\n  5 minute output rate 0 bits/sec, 0 packets/sec\r\n     3 packets input, 192 bytes, 0 no buffer\r\n     Received 0 broadcasts (0 IP multicasts)\r\n     0 runts, 0 giants, 0 throttles \r\n     0 input errors, 0 CRC, 0 frame, 0 overrun, 0 ignored\r\n     0 packets output, 0 bytes, 0 underruns\r\n     Output 0 broadcasts (0 IP multicasts)\r\n     0 output errors, 1 interface resets\r\n     0 unknown protocol drops\r\n     0 output buffer failures, 0 output buffers swapped out\r\nVlan99 is up, line protocol is up , Autostate Enabled\r\n  Hardware is Ethernet SVI, address is a0f8.494e.eddd (bia a0f8.494e.eddd)\r\n  Description: MGMT\r\n  Internet address is 10.10.99.1/24\r\n  MTU 1500 bytes, BW 1000000 Kbit/sec, DLY 10 usec, \r\n     reliability 255/255, txload 1/255, rxload 1/255\r\n  Encapsulation ARPA, loopback not set\r\n  Keepalive not supported \r\n  ARP type: ARPA, ARP Timeout 04:00:00\r\n  Last input 00:00:10, output 00:00:21, output hang never\r\n  Last clearing of \"show interface\" counters never\r\n  Input queue: 0/375/0/0 (size/max/drops/flushes); Total output drops: 0\r\n  Queueing strategy: fifo\r\n  Output queue: 0/40 (size/max)\r\n  5 minute input rate 0 bits/sec, 0 packets/sec\r\n  5 minute output rate 11000 bits/sec, 2 packets/sec\r\n     554262 packets input, 113191924 bytes, 0 no buffer\r\n     Received 0 broadcasts (0 IP multicasts)\r\n     0 runts, 0 giants, 0 throttles \r\n     0 input errors, 0 CRC, 0 frame, 0 overrun, 0 ignored\r\n     8036133 packets output, 4161294087 bytes, 0 underruns\r\n     Output 0 broadcasts (0 IP multicasts)\r\n     0 output errors, 2 interface resets\r\n     0 unknown protocol drops\r\n     0 output buffer failures, 0 output buffers swapped out\r\nVlan100 is up, line protocol is up , Autostate Enabled\r\n  Hardware is Ethernet SVI, address is a0f8.494e.edd1 (bia a0f8.494e.edd1)\r\n  Description: MGMT\r\n  Internet address is 10.1.0.2/24\r\n  MTU 1500 bytes, BW 1000000 Kbit/sec, DLY 10 usec, \r\n     reliability 255/255, txload 1/255, rxload 1/255\r\n  Encapsulation ARPA, loopback not set\r\n  Keepalive not supported \r\n  ARP type: ARPA, ARP Timeout 04:00:00\r\n  Last input 00:00:11, output 00:17:23, output hang never\r\n  Last clearing of \"show interface\" counters never\r\n  Input queue: 0/375/0/0 (size/max/drops/flushes); Total output drops: 0\r\n  Queueing strategy: fifo\r\n  Output queue: 0/40 (size/max)\r\n  5 minute input rate 2000 bits/sec, 2 packets/sec\r\n  5 minute output rate 0 bits/sec, 0 packets/sec\r\n     8298692 packets input, 835824602 bytes, 0 no buffer\r\n     Received 0 broadcasts (0 IP multicasts)\r\n     0 runts, 0 giants, 0 throttles \r\n     0 input errors, 0 CRC, 0 frame, 0 overrun, 0 ignored\r\n     6112 packets output, 1422284 bytes, 0 underruns\r\n     Output 0 broadcasts (0 IP multicasts)\r\n     0 output errors, 2 interface resets\r\n     0 unknown protocol drops\r\n     0 output buffer failures, 0 output buffers swapped out\r\nVlan101 is up, line protocol is up , Autostate Enabled\r\n  Hardware is Ethernet SVI, address is a0f8.494e.edc1 (bia a0f8.494e.edc1)\r\n  Description: SERVER\r\n  Internet address is 10.1.1.2/24\r\n  MTU 1500 bytes, BW 1000000 Kbit/sec, DLY 10 usec, \r\n     reliability 255/255, txload 1/255, rxload 1/255\r\n  Encapsulation ARPA, loopback not set\r\n  Keepalive not supported \r\n  ARP type: ARPA, ARP Timeout 04:00:00\r\n  Last input 00:01:01, output 00:00:00, output hang never\r\n  Last clearing of \"show interface\" counters never\r\n  Input queue: 0/375/0/0 (size/max/drops/flushes); Total output drops: 0\r\n  Queueing strategy: fifo\r\n  Output queue: 0/40 (size/max)\r\n  5 minute input rate 0 bits/sec, 0 packets/sec\r\n  5 minute output rate 59000 bits/sec, 32 packets/sec\r\n     22 packets input, 1694 bytes, 0 no buffer\r\n     Received 0 broadcasts (0 IP multicasts)\r\n     0 runts, 0 giants, 0 throttles \r\n     0 input errors, 0 CRC, 0 frame, 0 overrun, 0 ignored\r\n     86985767 packets output, 25108094897 bytes, 0 underruns\r\n     Output 0 broadcasts (0 IP multicasts)\r\n     0 output errors, 2 interface resets\r\n     0 unknown protocol drops\r\n     0 output buffer failures, 0 output buffers swapped out\r\nVlan104 is up, line protocol is up , Autostate Enabled\r\n  Hardware is Ethernet SVI, address is a0f8.494e.ede9 (bia a0f8.494e.ede9)\r\n  MTU 1500 bytes, BW 1000000 Kbit/sec, DLY 10 usec, \r\n     reliability 255/255, txload 1/255, rxload 1/255\r\n  Encapsulation ARPA, loopback not set\r\n  Keepalive not supported \r\n  ARP type: ARPA, ARP Timeout 04:00:00\r\n  Last input 4w4d, output never, output hang never\r\n  Last clearing of \"show interface\" counters never\r\n  Input queue: 0/375/0/0 (size/max/drops/flushes); Total output drops: 0\r\n  Queueing strategy: fifo\r\n  Output queue: 0/40 (size/max)\r\n  5 minute input rate 0 bits/sec, 0 packets/sec\r\n  5 minute output rate 0 bits/sec, 0 packets/sec\r\n     183 packets input, 13968 bytes, 0 no buffer\r\n     Received 0 broadcasts (0 IP multicasts)\r\n     0 runts, 0 giants, 0 throttles \r\n     0 input errors, 0 CRC, 0 frame, 0 overrun, 0 ignored\r\n     0 packets output, 0 bytes, 0 underruns\r\n     Output 0 broadcasts (0 IP multicasts)\r\n     0 output errors, 2 interface resets\r\n     0 unknown protocol drops\r\n     0 output buffer failures, 0 output buffers swapped out\r\nVlan108 is up, line protocol is up , Autostate Enabled\r\n  Hardware is Ethernet SVI, address is a0f8.494e.ede1 (bia a0f8.494e.ede1)\r\n  Description: DATA\r\n  Internet address is 10.1.8.2/22\r\n  MTU 1500 bytes, BW 1000000 Kbit/sec, DLY 10 usec, \r\n     reliability 255/255, txload 1/255, rxload 1/255\r\n  Encapsulation ARPA, loopback not set\r\n  Keepalive not supported \r\n  ARP type: ARPA, ARP Timeout 04:00:00\r\n  Last input 00:00:00, output 00:00:00, output hang never\r\n  Last clearing of \"show interface\" counters never\r\n  Input queue: 1/375/0/0 (size/max/drops/flushes); Total output drops: 0\r\n  Queueing strategy: fifo\r\n  Output queue: 0/40 (size/max)\r\n  5 minute input rate 1000 bits/sec, 1 packets/sec\r\n  5 minute output rate 722000 bits/sec, 150 packets/sec\r\n     204004 packets input, 16490048 bytes, 0 no buffer\r\n     Received 0 broadcasts (0 IP multicasts)\r\n     0 runts, 0 giants, 0 throttles \r\n     0 input errors, 0 CRC, 0 frame, 0 overrun, 0 ignored\r\n     339918431 packets output, 151746074021 bytes, 0 underruns\r\n     Output 0 broadcasts (0 IP multicasts)\r\n     0 output errors, 2 interface resets\r\n     0 unknown protocol drops\r\n     0 output buffer failures, 0 output buffers swapped out\r\nVlan112 is up, line protocol is up , Autostate Enabled\r\n  Hardware is Ethernet SVI, address is a0f8.494e.edc8 (bia a0f8.494e.edc8)\r\n  MTU 1500 bytes, BW 1000000 Kbit/sec, DLY 10 usec, \r\n     reliability 255/255, txload 1/255, rxload 1/255\r\n  Encapsulation ARPA, loopback not set\r\n  Keepalive not supported \r\n  ARP type: ARPA, ARP Timeout 04:00:00\r\n  Last input never, output never, output hang never\r\n  Last clearing of \"show interface\" counters never\r\n  Input queue: 0/375/0/0 (size/max/drops/flushes); Total output drops: 0\r\n  Queueing strategy: fifo\r\n  Output queue: 0/40 (size/max)\r\n  5 minute input rate 0 bits/sec, 0 packets/sec\r\n  5 minute output rate 0 bits/sec, 0 packets/sec\r\n     0 packets input, 0 bytes, 0 no buffer\r\n     Received 0 broadcasts (0 IP multicasts)\r\n     0 runts, 0 giants, 0 throttles \r\n     0 input errors, 0 CRC, 0 frame, 0 overrun, 0 ignored\r\n     0 packets output, 0 bytes, 0 underruns\r\n     Output 0 broadcasts (0 IP multicasts)\r\n     0 output errors, 2 interface resets\r\n     0 unknown protocol drops\r\n     0 output buffer failures, 0 output buffers swapped out\r\nVlan116 is up, line protocol is up , Autostate Enabled\r\n  Hardware is Ethernet SVI, address is a0f8.494e.edd0 (bia a0f8.494e.edd0)\r\n  Internet address is 10.1.16.2/24\r\n  MTU 1500 bytes, BW 1000000 Kbit/sec, DLY 10 usec, \r\n     reliability 255/255, txload 1/255, rxload 1/255\r\n  Encapsulation ARPA, loopback not set\r\n  Keepalive not supported \r\n  ARP type: ARPA, ARP Timeout 04:00:00\r\n  Last input 00:19:41, output 5w4d, output hang never\r\n  Last clearing of \"show interface\" counters never\r\n  Input queue: 0/375/0/0 (size/max/drops/flushes); Total output drops: 0\r\n  Queueing strategy: fifo\r\n  Output queue: 0/40 (size/max)\r\n  5 minute input rate 0 bits/sec, 0 packets/sec\r\n  5 minute output rate 0 bits/sec, 0 packets/sec\r\n     11 packets input, 748 bytes, 0 no buffer\r\n     Received 0 broadcasts (0 IP multicasts)\r\n     0 runts, 0 giants, 0 throttles \r\n     0 input errors, 0 CRC, 0 frame, 0 overrun, 0 ignored\r\n     1 packets output, 60 bytes, 0 underruns\r\n     Output 0 broadcasts (0 IP multicasts)\r\n     0 output errors, 2 interface resets\r\n     0 unknown protocol drops\r\n     0 output buffer failures, 0 output buffers swapped out\r\nGigabitEthernet0/0 is down, line protocol is down \r\n  Hardware is RP management port, address is a0f8.494e.ed80 (bia a0f8.494e.ed80)\r\n  MTU 1500 bytes, BW 1000000 Kbit/sec, DLY 10 usec, \r\n     reliability 255/255, txload 1/255, rxload 1/255\r\n  Encapsulation ARPA, loopback not set\r\n  Keepalive set (10 sec)\r\n  Full Duplex, 1000Mbps, link type is auto, media type is RJ45\r\n  output flow-control is unsupported, input flow-control is unsupported\r\n  ARP type: ARPA, ARP Timeout 04:00:00\r\n  Last input never, output never, output hang never\r\n  Last clearing of \"show interface\" counters never\r\n  Input queue: 0/75/0/0 (size/max/drops/flushes); Total output drops: 0\r\n  Queueing strategy: fifo\r\n  Output queue: 0/40 (size/max)\r\n  5 minute input rate 0 bits/sec, 0 packets/sec\r\n  5 minute output rate 0 bits/sec, 0 packets/sec\r\n     0 packets input, 0 bytes, 0 no buffer\r\n     Received 0 broadcasts (0 IP multicasts)\r\n     0 runts, 0 giants, 0 throttles \r\n     0 input errors, 0 CRC, 0 frame, 0 overrun, 0 ignored\r\n     0 watchdog, 0 multicast, 0 pause input\r\n     17 packets output, 1466 bytes, 0 underruns\r\n     Output 0 broadcasts (0 IP multicasts)\r\n     0 output errors, 0 collisions, 0 interface resets\r\n     0 unknown protocol drops\r\n     0 babbles, 0 late collision, 0 deferred\r\n     0 lost carrier, 0 no carrier, 0 pause output\r\n     0 output buffer failures, 0 output buffers swapped out\r\nTenGigabitEthernet1/0/1 is up, line protocol is up (connected) \r\n  Hardware is Ten Gigabit Ethernet, address is a0f8.494e.ed81 (bia a0f8.494e.ed81)\r\n  Description: UPLINK TO PFSENSE\r\n  MTU 1500 bytes, BW 1000000 Kbit/sec, DLY 10 usec, \r\n     reliability 255/255, txload 1/255, rxload 1/255\r\n  Encapsulation ARPA, loopback not set\r\n  Keepalive set (10 sec)\r\n  Full-duplex, 1000Mb/s, media type is 100/1000/2.5G/5G/10GBaseTX\r\n  input flow-control is on, output flow-control is unsupported \r\n  ARP type: ARPA, ARP Timeout 04:00:00\r\n  Last input never, output 00:00:00, output hang never\r\n  Last clearing of \"show interface\" counters never\r\n  Input queue: 0/2000/0/0 (size/max/drops/flushes); Total output drops: 0\r\n  Queueing strategy: fifo\r\n  Output queue: 0/40 (size/max)\r\n  5 minute input rate 1801000 bits/sec, 308 packets/sec\r\n  5 minute output rate 776000 bits/sec, 176 packets/sec\r\n     954563691 packets input, 1034572432243 bytes, 0 no buffer\r\n     Received 4989966 broadcasts (4952468 multicasts)\r\n     0 runts, 0 giants, 0 throttles \r\n     1 input errors, 1 CRC, 0 frame, 0 overrun, 0 ignored\r\n     0 watchdog, 4952468 multicast, 0 pause input\r\n     0 input packets with dribble condition detected\r\n     415572370 packets output, 165748978396 bytes, 0 underruns\r\n     Output 3547403 broadcasts (0 multicasts)\r\n     0 output errors, 0 collisions, 3 interface resets\r\n     0 unknown protocol drops\r\n     0 babbles, 0 late collision, 0 deferred\r\n     0 lost carrier, 0 no carrier, 0 pause output\r\n     0 output buffer failures, 0 output buffers swapped out\r\nTenGigabitEthernet1/0/2 is down, line protocol is down (notconnect) \r\n  Hardware is Ten Gigabit Ethernet, address is a0f8.494e.ed82 (bia a0f8.494e.ed82)\r\n  Description: UPLINK TO WAN\r\n  MTU 1500 bytes, BW 10000000 Kbit/sec, DLY 10 usec, \r\n     reliability 255/255, txload 1/255, rxload 1/255\r\n  Encapsulation ARPA, loopback not set\r\n  Keepalive set (10 sec)\r\n  Auto-duplex, Auto-speed, media type is 100/1000/2.5G/5G/10GBaseTX\r\n  input flow-control is on, output flow-control is unsupported \r\n  ARP type: ARPA, ARP Timeout 04:00:00\r\n  Last input never, output never, output hang never\r\n  Last clearing of \"show interface\" counters never\r\n  Input queue: 0/2000/0/0 (size/max/drops/flushes); Total output drops: 0\r\n  Queueing strategy: Class-based queueing\r\n  Output queue: 0/40 (size/max)\r\n  5 minute input rate 0 bits/sec, 0 packets/sec\r\n  5 minute output rate 0 bits/sec, 0 packets/sec\r\n     0 packets input, 0 bytes, 0 no buffer\r\n     Received 0 broadcasts (0 multicasts)\r\n     0 runts, 0 giants, 0 throttles \r\n     0 input errors, 0 CRC, 0 frame, 0 overrun, 0 ignored\r\n     0 watchdog, 0 multicast, 0 pause input\r\n     0 input packets with dribble condition detected\r\n     0 packets output, 0 bytes, 0 underruns\r\n     Output 0 broadcasts (0 multicasts)\r\n     0 output errors, 0 collisions, 2 interface resets\r\n     0 unknown protocol drops\r\n     0 babbles, 0 late collision, 0 deferred\r\n     0 lost carrier, 0 no carrier, 0 pause output\r\n     0 output buffer failures, 0 output buffers swapped out\r\nTenGigabitEthernet1/0/3 is down, line protocol is down (notconnect) \r\n  Hardware is Ten Gigabit Ethernet, address is a0f8.494e.ed83 (bia a0f8.494e.ed83)\r\n  Description: ENDPOINT\r\n  MTU 1500 bytes, BW 10000000 Kbit/sec, DLY 10 usec, \r\n     reliability 255/255, txload 1/255, rxload 1/255\r\n  Encapsulation ARPA, loopback not set\r\n  Keepalive set (10 sec)\r\n  Auto-duplex, Auto-speed, media type is 100/1000/2.5G/5G/10GBaseTX\r\n  input flow-control is on, output flow-control is unsupported \r\n  ARP type: ARPA, ARP Timeout 04:00:00\r\n  Last input never, output never, output hang never\r\n  Last clearing of \"show interface\" counters never\r\n  Input queue: 0/2000/0/0 (size/max/drops/flushes); Total output drops: 0\r\n  Queueing strategy: Class-based queueing\r\n  Output queue: 0/40 (size/max)\r\n  5 minute input rate 0 bits/sec, 0 packets/sec\r\n  5 minute output rate 0 bits/sec, 0 packets/sec\r\n     0 packets input, 0 bytes, 0 no buffer\r\n     Received 0 broadcasts (0 multicasts)\r\n     0 runts, 0 giants, 0 throttles \r\n     0 input errors, 0 CRC, 0 frame, 0 overrun, 0 ignored\r\n     0 watchdog, 0 multicast, 0 pause input\r\n     0 input packets with dribble condition detected\r\n     0 packets output, 0 bytes, 0 underruns\r\n     Output 0 broadcasts (0 multicasts)\r\n     0 output errors, 0 collisions, 2 interface resets\r\n     0 unknown protocol drops\r\n     0 babbles, 0 late collision, 0 deferred\r\n     0 lost carrier, 0 no carrier, 0 pause output\r\n     0 output buffer failures, 0 output buffers swapped out\r\nTenGigabitEthernet1/0/4 is down, line protocol is down (notconnect) \r\n  Hardware is Ten Gigabit Ethernet, address is a0f8.494e.ed84 (bia a0f8.494e.ed84)\r\n  Description: ENDPOINT\r\n  MTU 1500 bytes, BW 10000000 Kbit/sec, DLY 10 usec, \r\n     reliability 255/255, txload 1/255, rxload 1/255\r\n  Encapsulation ARPA, loopback not set\r\n  Keepalive set (10 sec)\r\n  Auto-duplex, Auto-speed, media type is 100/1000/2.5G/5G/10GBaseTX\r\n  input flow-control is on, output flow-control is unsupported \r\n  ARP type: ARPA, ARP Timeout 04:00:00\r\n  Last input never, output never, output hang never\r\n  Last clearing of \"show interface\" counters never\r\n  Input queue: 0/2000/0/0 (size/max/drops/flushes); Total output drops: 0\r\n  Queueing strategy: Class-based queueing\r\n  Output queue: 0/40 (size/max)\r\n  5 minute input rate 0 bits/sec, 0 packets/sec\r\n  5 minute output rate 0 bits/sec, 0 packets/sec\r\n     0 packets input, 0 bytes, 0 no buffer\r\n     Received 0 broadcasts (0 multicasts)\r\n     0 runts, 0 giants, 0 throttles \r\n     0 input errors, 0 CRC, 0 frame, 0 overrun, 0 ignored\r\n     0 watchdog, 0 multicast, 0 pause input\r\n     0 input packets with dribble condition detected\r\n     0 packets output, 0 bytes, 0 underruns\r\n     Output 0 broadcasts (0 multicasts)\r\n     0 output errors, 0 collisions, 2 interface resets\r\n     0 unknown protocol drops\r\n     0 babbles, 0 late collision, 0 deferred\r\n     0 lost carrier, 0 no carrier, 0 pause output\r\n     0 output buffer failures, 0 output buffers swapped out\r\nTenGigabitEthernet1/0/5 is down, line protocol is down (notconnect) \r\n  Hardware is Ten Gigabit Ethernet, address is a0f8.494e.ed85 (bia a0f8.494e.ed85)\r\n  Description: ENDPOINT\r\n  MTU 1500 bytes, BW 10000000 Kbit/sec, DLY 10 usec, \r\n     reliability 255/255, txload 1/255, rxload 1/255\r\n  Encapsulation ARPA, loopback not set\r\n  Keepalive set (10 sec)\r\n  Auto-duplex, Auto-speed, media type is 100/1000/2.5G/5G/10GBaseTX\r\n  input flow-control is on, output flow-control is unsupported \r\n  ARP type: ARPA, ARP Timeout 04:00:00\r\n  Last input never, output never, output hang never\r\n  Last clearing of \"show interface\" counters never\r\n  Input queue: 0/2000/0/0 (size/max/drops/flushes); Total output drops: 0\r\n  Queueing strategy: Class-based queueing\r\n  Output queue: 0/40 (size/max)\r\n  5 minute input rate 0 bits/sec, 0 packets/sec\r\n  5 minute output rate 0 bits/sec, 0 packets/sec\r\n     0 packets input, 0 bytes, 0 no buffer\r\n     Received 0 broadcasts (0 multicasts)\r\n     0 runts, 0 giants, 0 throttles \r\n     0 input errors, 0 CRC, 0 frame, 0 overrun, 0 ignored\r\n     0 watchdog, 0 multicast, 0 pause input\r\n     0 input packets with dribble condition detected\r\n     0 packets output, 0 bytes, 0 underruns\r\n     Output 0 broadcasts (0 multicasts)\r\n     0 output errors, 0 collisions, 2 interface resets\r\n     0 unknown protocol drops\r\n     0 babbles, 0 late collision, 0 deferred\r\n     0 lost carrier, 0 no carrier, 0 pause output\r\n     0 output buffer failures, 0 output buffers swapped out\r\nTenGigabitEthernet1/0/6 is up, line protocol is up (connected) \r\n  Hardware is Ten Gigabit Ethernet, address is a0f8.494e.ed86 (bia a0f8.494e.ed86)\r\n  Description: ENDPOINT\r\n  MTU 1500 bytes, BW 1000000 Kbit/sec, DLY 10 usec, \r\n     reliability 255/255, txload 1/255, rxload 1/255\r\n  Encapsulation ARPA, loopback not set\r\n  Keepalive set (10 sec)\r\n  Full-duplex, 1000Mb/s, media type is 100/1000/2.5G/5G/10GBaseTX\r\n  input flow-control is on, output flow-control is unsupported \r\n  ARP type: ARPA, ARP Timeout 04:00:00\r\n  Last input 00:10:50, output 00:00:00, output hang never\r\n  Last clearing of \"show interface\" counters never\r\n  Input queue: 0/2000/0/0 (size/max/drops/flushes); Total output drops: 0\r\n  Queueing strategy: Class-based queueing\r\n  Output queue: 0/40 (size/max)\r\n  5 minute input rate 444000 bits/sec, 94 packets/sec\r\n  5 minute output rate 377000 bits/sec, 89 packets/sec\r\n     170467099 packets input, 61968177510 bytes, 0 no buffer\r\n     Received 3536409 broadcasts (3477993 multicasts)\r\n     0 runts, 0 giants, 0 throttles \r\n     1 input errors, 1 CRC, 0 frame, 0 overrun, 0 ignored\r\n     0 watchdog, 3477993 multicast, 0 pause input\r\n     0 input packets with dribble condition detected\r\n     389090374 packets output, 425567359285 bytes, 0 underruns\r\n     Output 3265750 broadcasts (0 multicasts)\r\n     0 output errors, 0 collisions, 2 interface resets\r\n     0 unknown protocol drops\r\n     0 babbles, 0 late collision, 0 deferred\r\n     0 lost carrier, 0 no carrier, 0 pause output\r\n     0 output buffer failures, 0 output buffers swapped out\r\nTenGigabitEthernet1/0/7 is down, line protocol is down (notconnect) \r\n  Hardware is Ten Gigabit Ethernet, address is a0f8.494e.ed87 (bia a0f8.494e.ed87)\r\n  Description: ENDPOINT\r\n  MTU 1500 bytes, BW 10000000 Kbit/sec, DLY 10 usec, \r\n     reliability 255/255, txload 1/255, rxload 1/255\r\n  Encapsulation ARPA, loopback not set\r\n  Keepalive set (10 sec)\r\n  Auto-duplex, Auto-speed, media type is 100/1000/2.5G/5G/10GBaseTX\r\n  input flow-control is on, output flow-control is unsupported \r\n  ARP type: ARPA, ARP Timeout 04:00:00\r\n  Last input never, output never, output hang never\r\n  Last clearing of \"show interface\" counters never\r\n  Input queue: 0/2000/0/0 (size/max/drops/flushes); Total output drops: 0\r\n  Queueing strategy: Class-based queueing\r\n  Output queue: 0/40 (size/max)\r\n  5 minute input rate 0 bits/sec, 0 packets/sec\r\n  5 minute output rate 0 bits/sec, 0 packets/sec\r\n     0 packets input, 0 bytes, 0 no buffer\r\n     Received 0 broadcasts (0 multicasts)\r\n     0 runts, 0 giants, 0 throttles \r\n     0 input errors, 0 CRC, 0 frame, 0 overrun, 0 ignored\r\n     0 watchdog, 0 multicast, 0 pause input\r\n     0 input packets with dribble condition detected\r\n     0 packets output, 0 bytes, 0 underruns\r\n     Output 0 broadcasts (0 multicasts)\r\n     0 output errors, 0 collisions, 2 interface resets\r\n     0 unknown protocol drops\r\n     0 babbles, 0 late collision, 0 deferred\r\n     0 lost carrier, 0 no carrier, 0 pause output\r\n     0 output buffer failures, 0 output buffers swapped out\r\nTenGigabitEthernet1/0/8 is down, line protocol is down (notconnect) \r\n  Hardware is Ten Gigabit Ethernet, address is a0f8.494e.ed88 (bia a0f8.494e.ed88)\r\n  Description: ENDPOINT\r\n  MTU 1500 bytes, BW 10000000 Kbit/sec, DLY 10 usec, \r\n     reliability 255/255, txload 1/255, rxload 1/255\r\n  Encapsulation ARPA, loopback not set\r\n  Keepalive set (10 sec)\r\n  Auto-duplex, Auto-speed, media type is 100/1000/2.5G/5G/10GBaseTX\r\n  input flow-control is on, output flow-control is unsupported \r\n  ARP type: ARPA, ARP Timeout 04:00:00\r\n  Last input never, output never, output hang never\r\n  Last clearing of \"show interface\" counters never\r\n  Input queue: 0/2000/0/0 (size/max/drops/flushes); Total output drops: 0\r\n  Queueing strategy: Class-based queueing\r\n  Output queue: 0/40 (size/max)\r\n  5 minute input rate 0 bits/sec, 0 packets/sec\r\n  5 minute output rate 0 bits/sec, 0 packets/sec\r\n     0 packets input, 0 bytes, 0 no buffer\r\n     Received 0 broadcasts (0 multicasts)\r\n     0 runts, 0 giants, 0 throttles \r\n     0 input errors, 0 CRC, 0 frame, 0 overrun, 0 ignored\r\n     0 watchdog, 0 multicast, 0 pause input\r\n     0 input packets with dribble condition detected\r\n     0 packets output, 0 bytes, 0 underruns\r\n     Output 0 broadcasts (0 multicasts)\r\n     0 output errors, 0 collisions, 2 interface resets\r\n     0 unknown protocol drops\r\n     0 babbles, 0 late collision, 0 deferred\r\n     0 lost carrier, 0 no carrier, 0 pause output\r\n     0 output buffer failures, 0 output buffers swapped out\r\nTenGigabitEthernet1/0/9 is up, line protocol is up (connected) \r\n  Hardware is Ten Gigabit Ethernet, address is a0f8.494e.ed89 (bia a0f8.494e.ed89)\r\n  Description: ENDPOINT\r\n  MTU 1500 bytes, BW 100000 Kbit/sec, DLY 100 usec, \r\n     reliability 255/255, txload 1/255, rxload 1/255\r\n  Encapsulation ARPA, loopback not set\r\n  Keepalive set (10 sec)\r\n  Full-duplex, 100Mb/s, media type is 100/1000/2.5G/5G/10GBaseTX\r\n  input flow-control is on, output flow-control is unsupported \r\n  ARP type: ARPA, ARP Timeout 04:00:00\r\n  Last input never, output 00:00:00, output hang never\r\n  Last clearing of \"show interface\" counters never\r\n  Input queue: 0/2000/0/0 (size/max/drops/flushes); Total output drops: 0\r\n  Queueing strategy: Class-based queueing\r\n  Output queue: 0/40 (size/max)\r\n  5 minute input rate 0 bits/sec, 0 packets/sec\r\n  5 minute output rate 8000 bits/sec, 5 packets/sec\r\n     3343 packets input, 272005 bytes, 0 no buffer\r\n     Received 1155 broadcasts (0 multicasts)\r\n     0 runts, 0 giants, 0 throttles \r\n     0 input errors, 0 CRC, 0 frame, 0 overrun, 0 ignored\r\n     0 watchdog, 0 multicast, 0 pause input\r\n     0 input packets with dribble condition detected\r\n     23286397 packets output, 5627311009 bytes, 0 underruns\r\n     Output 3323207 broadcasts (0 multicasts)\r\n     0 output errors, 0 collisions, 2 interface resets\r\n     0 unknown protocol drops\r\n     0 babbles, 0 late collision, 0 deferred\r\n     0 lost carrier, 0 no carrier, 0 pause output\r\n     0 output buffer failures, 0 output buffers swapped out\r\nTenGigabitEthernet1/0/10 is down, line protocol is down (notconnect) \r\n  Hardware is Ten Gigabit Ethernet, address is a0f8.494e.ed8a (bia a0f8.494e.ed8a)\r\n  Description: ENDPOINT\r\n  MTU 1500 bytes, BW 10000000 Kbit/sec, DLY 10 usec, \r\n     reliability 255/255, txload 1/255, rxload 1/255\r\n  Encapsulation ARPA, loopback not set\r\n  Keepalive set (10 sec)\r\n  Auto-duplex, Auto-speed, media type is 100/1000/2.5G/5G/10GBaseTX\r\n  input flow-control is on, output flow-control is unsupported \r\n  ARP type: ARPA, ARP Timeout 04:00:00\r\n  Last input never, output never, output hang never\r\n  Last clearing of \"show interface\" counters never\r\n  Input queue: 0/2000/0/0 (size/max/drops/flushes); Total output drops: 0\r\n  Queueing strategy: Class-based queueing\r\n  Output queue: 0/40 (size/max)\r\n  5 minute input rate 0 bits/sec, 0 packets/sec\r\n  5 minute output rate 0 bits/sec, 0 packets/sec\r\n     0 packets input, 0 bytes, 0 no buffer\r\n     Received 0 broadcasts (0 multicasts)\r\n     0 runts, 0 giants, 0 throttles \r\n     0 input errors, 0 CRC, 0 frame, 0 overrun, 0 ignored\r\n     0 watchdog, 0 multicast, 0 pause input\r\n     0 input packets with dribble condition detected\r\n     0 packets output, 0 bytes, 0 underruns\r\n     Output 0 broadcasts (0 multicasts)\r\n     0 output errors, 0 collisions, 2 interface resets\r\n     0 unknown protocol drops\r\n     0 babbles, 0 late collision, 0 deferred\r\n     0 lost carrier, 0 no carrier, 0 pause output\r\n     0 output buffer failures, 0 output buffers swapped out\r\nTenGigabitEthernet1/0/11 is up, line protocol is up (connected) \r\n  Hardware is Ten Gigabit Ethernet, address is a0f8.494e.ed8b (bia a0f8.494e.ed8b)\r\n  Description: ENDPOINT\r\n  MTU 1500 bytes, BW 1000000 Kbit/sec, DLY 10 usec, \r\n     reliability 255/255, txload 1/255, rxload 1/255\r\n  Encapsulation ARPA, loopback not set\r\n  Keepalive set (10 sec)\r\n  Full-duplex, 1000Mb/s, media type is 100/1000/2.5G/5G/10GBaseTX\r\n  input flow-control is on, output flow-control is unsupported \r\n  ARP type: ARPA, ARP Timeout 04:00:00\r\n  Last input never, output 00:00:00, output hang never\r\n  Last clearing of \"show interface\" counters never\r\n  Input queue: 0/2000/0/0 (size/max/drops/flushes); Total output drops: 0\r\n  Queueing strategy: Class-based queueing\r\n  Output queue: 0/40 (size/max)\r\n  5 minute input rate 0 bits/sec, 0 packets/sec\r\n  5 minute output rate 8000 bits/sec, 5 packets/sec\r\n     4550665 packets input, 1053420661 bytes, 0 no buffer\r\n     Received 15038 broadcasts (3649 multicasts)\r\n     0 runts, 0 giants, 0 throttles \r\n     0 input errors, 0 CRC, 0 frame, 0 overrun, 0 ignored\r\n     0 watchdog, 3649 multicast, 0 pause input\r\n     0 input packets with dribble condition detected\r\n     30585356 packets output, 14748560807 bytes, 0 underruns\r\n     Output 3312978 broadcasts (0 multicasts)\r\n     0 output errors, 0 collisions, 2 interface resets\r\n     0 unknown protocol drops\r\n     0 babbles, 0 late collision, 0 deferred\r\n     0 lost carrier, 0 no carrier, 0 pause output\r\n     0 output buffer failures, 0 output buffers swapped out\r\nTenGigabitEthernet1/0/12 is down, line protocol is down (notconnect) \r\n  Hardware is Ten Gigabit Ethernet, address is a0f8.494e.ed8c (bia a0f8.494e.ed8c)\r\n  Description: ENDPOINT\r\n  MTU 1500 bytes, BW 100000 Kbit/sec, DLY 100 usec, \r\n     reliability 255/255, txload 1/255, rxload 1/255\r\n  Encapsulation ARPA, loopback not set\r\n  Keepalive set (10 sec)\r\n  Auto-duplex, Auto-speed, media type is 100/1000/2.5G/5G/10GBaseTX\r\n  input flow-control is on, output flow-control is unsupported \r\n  ARP type: ARPA, ARP Timeout 04:00:00\r\n  Last input never, output 1d14h, output hang never\r\n  Last clearing of \"show interface\" counters never\r\n  Input queue: 0/2000/0/0 (size/max/drops/flushes); Total output drops: 0\r\n  Queueing strategy: Class-based queueing\r\n  Output queue: 0/40 (size/max)\r\n  5 minute input rate 0 bits/sec, 0 packets/sec\r\n  5 minute output rate 0 bits/sec, 0 packets/sec\r\n     15031 packets input, 2996383 bytes, 0 no buffer\r\n     Received 6998 broadcasts (6247 multicasts)\r\n     0 runts, 0 giants, 0 throttles \r\n     2 input errors, 2 CRC, 0 frame, 0 overrun, 0 ignored\r\n     0 watchdog, 6247 multicast, 0 pause input\r\n     0 input packets with dribble condition detected\r\n     1899494 packets output, 458149117 bytes, 0 underruns\r\n     Output 241509 broadcasts (0 multicasts)\r\n     0 output errors, 0 collisions, 2 interface resets\r\n     0 unknown protocol drops\r\n     0 babbles, 0 late collision, 0 deferred\r\n     0 lost carrier, 0 no carrier, 0 pause output\r\n     0 output buffer failures, 0 output buffers swapped out\r\nTenGigabitEthernet1/0/13 is down, line protocol is down (notconnect) \r\n  Hardware is Ten Gigabit Ethernet, address is a0f8.494e.ed8d (bia a0f8.494e.ed8d)\r\n  Description: ENDPOINT\r\n  MTU 1500 bytes, BW 10000000 Kbit/sec, DLY 10 usec, \r\n     reliability 255/255, txload 1/255, rxload 1/255\r\n  Encapsulation ARPA, loopback not set\r\n  Keepalive set (10 sec)\r\n  Auto-duplex, Auto-speed, media type is 100/1000/2.5G/5G/10GBaseTX\r\n  input flow-control is on, output flow-control is unsupported \r\n  ARP type: ARPA, ARP Timeout 04:00:00\r\n  Last input never, output never, output hang never\r\n  Last clearing of \"show interface\" counters never\r\n  Input queue: 0/2000/0/0 (size/max/drops/flushes); Total output drops: 0\r\n  Queueing strategy: Class-based queueing\r\n  Output queue: 0/40 (size/max)\r\n  5 minute input rate 0 bits/sec, 0 packets/sec\r\n  5 minute output rate 0 bits/sec, 0 packets/sec\r\n     0 packets input, 0 bytes, 0 no buffer\r\n     Received 0 broadcasts (0 multicasts)\r\n     0 runts, 0 giants, 0 throttles \r\n     0 input errors, 0 CRC, 0 frame, 0 overrun, 0 ignored\r\n     0 watchdog, 0 multicast, 0 pause input\r\n     0 input packets with dribble condition detected\r\n     0 packets output, 0 bytes, 0 underruns\r\n     Output 0 broadcasts (0 multicasts)\r\n     0 output errors, 0 collisions, 2 interface resets\r\n     0 unknown protocol drops\r\n     0 babbles, 0 late collision, 0 deferred\r\n     0 lost carrier, 0 no carrier, 0 pause output\r\n     0 output buffer failures, 0 output buffers swapped out\r\nTenGigabitEthernet1/0/14 is down, line protocol is down (notconnect) \r\n  Hardware is Ten Gigabit Ethernet, address is a0f8.494e.ed8e (bia a0f8.494e.ed8e)\r\n  Description: ENDPOINT\r\n  MTU 1500 bytes, BW 10000000 Kbit/sec, DLY 10 usec, \r\n     reliability 255/255, txload 1/255, rxload 1/255\r\n  Encapsulation ARPA, loopback not set\r\n  Keepalive set (10 sec)\r\n  Auto-duplex, Auto-speed, media type is 100/1000/2.5G/5G/10GBaseTX\r\n  input flow-control is on, output flow-control is unsupported \r\n  ARP type: ARPA, ARP Timeout 04:00:00\r\n  Last input never, output never, output hang never\r\n  Last clearing of \"show interface\" counters never\r\n  Input queue: 0/2000/0/0 (size/max/drops/flushes); Total output drops: 0\r\n  Queueing strategy: Class-based queueing\r\n  Output queue: 0/40 (size/max)\r\n  5 minute input rate 0 bits/sec, 0 packets/sec\r\n  5 minute output rate 0 bits/sec, 0 packets/sec\r\n     0 packets input, 0 bytes, 0 no buffer\r\n     Received 0 broadcasts (0 multicasts)\r\n     0 runts, 0 giants, 0 throttles \r\n     0 input errors, 0 CRC, 0 frame, 0 overrun, 0 ignored\r\n     0 watchdog, 0 multicast, 0 pause input\r\n     0 input packets with dribble condition detected\r\n     0 packets output, 0 bytes, 0 underruns\r\n     Output 0 broadcasts (0 multicasts)\r\n     0 output errors, 0 collisions, 2 interface resets\r\n     0 unknown protocol drops\r\n     0 babbles, 0 late collision, 0 deferred\r\n     0 lost carrier, 0 no carrier, 0 pause output\r\n     0 output buffer failures, 0 output buffers swapped out\r\nTenGigabitEthernet1/0/15 is up, line protocol is up (connected) \r\n  Hardware is Ten Gigabit Ethernet, address is a0f8.494e.ed8f (bia a0f8.494e.ed8f)\r\n  MTU 1500 bytes, BW 1000000 Kbit/sec, DLY 10 usec, \r\n     reliability 255/255, txload 1/255, rxload 1/255\r\n  Encapsulation ARPA, loopback not set\r\n  Keepalive set (10 sec)\r\n  Full-duplex, 1000Mb/s, media type is 100/1000/2.5G/5G/10GBaseTX\r\n  input flow-control is on, output flow-control is unsupported \r\n  ARP type: ARPA, ARP Timeout 04:00:00\r\n  Last input 00:00:15, output 00:00:00, output hang never\r\n  Last clearing of \"show interface\" counters never\r\n  Input queue: 0/2000/0/0 (size/max/drops/flushes); Total output drops: 0\r\n  Queueing strategy: fifo\r\n  Output queue: 0/40 (size/max)\r\n  5 minute input rate 15000 bits/sec, 2 packets/sec\r\n  5 minute output rate 26000 bits/sec, 6 packets/sec\r\n     69944129 packets input, 92313891587 bytes, 0 no buffer\r\n     Received 181472 broadcasts (113677 multicasts)\r\n     0 runts, 0 giants, 0 throttles \r\n     0 input errors, 0 CRC, 0 frame, 0 overrun, 0 ignored\r\n     0 watchdog, 113677 multicast, 0 pause input\r\n     0 input packets with dribble condition detected\r\n     34045470 packets output, 21618913239 bytes, 0 underruns\r\n     Output 3098389 broadcasts (0 multicasts)\r\n     0 output errors, 0 collisions, 2 interface resets\r\n     0 unknown protocol drops\r\n     0 babbles, 0 late collision, 0 deferred\r\n     0 lost carrier, 0 no carrier, 0 pause output\r\n     0 output buffer failures, 0 output buffers swapped out\r\nTenGigabitEthernet1/0/16 is up, line protocol is up (connected) \r\n  Hardware is Ten Gigabit Ethernet, address is a0f8.494e.ed90 (bia a0f8.494e.ed90)\r\n  MTU 1500 bytes, BW 1000000 Kbit/sec, DLY 10 usec, \r\n     reliability 255/255, txload 1/255, rxload 1/255\r\n  Encapsulation ARPA, loopback not set\r\n  Keepalive set (10 sec)\r\n  Full-duplex, 1000Mb/s, media type is 100/1000/2.5G/5G/10GBaseTX\r\n  input flow-control is on, output flow-control is unsupported \r\n  ARP type: ARPA, ARP Timeout 04:00:00\r\n  Last input 00:00:15, output 00:00:00, output hang never\r\n  Last clearing of \"show interface\" counters never\r\n  Input queue: 0/2000/0/0 (size/max/drops/flushes); Total output drops: 0\r\n  Queueing strategy: fifo\r\n  Output queue: 0/40 (size/max)\r\n  5 minute input rate 0 bits/sec, 0 packets/sec\r\n  5 minute output rate 13000 bits/sec, 12 packets/sec\r\n     438519 packets input, 68009766 bytes, 0 no buffer\r\n     Received 124013 broadcasts (124013 multicasts)\r\n     0 runts, 0 giants, 0 throttles \r\n     0 input errors, 0 CRC, 0 frame, 0 overrun, 0 ignored\r\n     0 watchdog, 124013 multicast, 0 pause input\r\n     0 input packets with dribble condition detected\r\n     78487356 packets output, 65958584491 bytes, 0 underruns\r\n     Output 432695 broadcasts (0 multicasts)\r\n     0 output errors, 0 collisions, 2 interface resets\r\n     0 unknown protocol drops\r\n     0 babbles, 0 late collision, 0 deferred\r\n     0 lost carrier, 0 no carrier, 0 pause output\r\n     0 output buffer failures, 0 output buffers swapped out\r\nTenGigabitEthernet1/0/17 is up, line protocol is up (connected) \r\n  Hardware is Ten Gigabit Ethernet, address is a0f8.494e.ed91 (bia a0f8.494e.ed91)\r\n  Description: SERVER\r\n  MTU 1500 bytes, BW 1000000 Kbit/sec, DLY 10 usec, \r\n     reliability 255/255, txload 1/255, rxload 1/255\r\n  Encapsulation ARPA, loopback not set\r\n  Keepalive set (10 sec)\r\n  Full-duplex, 1000Mb/s, media type is 100/1000/2.5G/5G/10GBaseTX\r\n  input flow-control is on, output flow-control is unsupported \r\n  ARP type: ARPA, ARP Timeout 04:00:00\r\n  Last input never, output 00:00:00, output hang never\r\n  Last clearing of \"show interface\" counters never\r\n  Input queue: 0/2000/0/0 (size/max/drops/flushes); Total output drops: 91320\r\n  Queueing strategy: Class-based queueing\r\n  Output queue: 0/40 (size/max)\r\n  5 minute input rate 0 bits/sec, 0 packets/sec\r\n  5 minute output rate 14000 bits/sec, 13 packets/sec\r\n     44824428 packets input, 60107909017 bytes, 0 no buffer\r\n     Received 3130 broadcasts (0 multicasts)\r\n     0 runts, 0 giants, 0 throttles \r\n     0 input errors, 0 CRC, 0 frame, 0 overrun, 0 ignored\r\n     0 watchdog, 0 multicast, 0 pause input\r\n     0 input packets with dribble condition detected\r\n     96192248 packets output, 87514286965 bytes, 0 underruns\r\n     Output 3595719 broadcasts (0 multicasts)\r\n     0 output errors, 0 collisions, 2 interface resets\r\n     0 unknown protocol drops\r\n     0 babbles, 0 late collision, 0 deferred\r\n     0 lost carrier, 0 no carrier, 0 pause output\r\n     0 output buffer failures, 0 output buffers swapped out\r\nTenGigabitEthernet1/0/18 is down, line protocol is down (notconnect) \r\n  Hardware is Ten Gigabit Ethernet, address is a0f8.494e.ed92 (bia a0f8.494e.ed92)\r\n  Description: SERVER\r\n  MTU 1500 bytes, BW 10000000 Kbit/sec, DLY 10 usec, \r\n     reliability 255/255, txload 1/255, rxload 1/255\r\n  Encapsulation ARPA, loopback not set\r\n  Keepalive set (10 sec)\r\n  Auto-duplex, Auto-speed, media type is 100/1000/2.5G/5G/10GBaseTX\r\n  input flow-control is on, output flow-control is unsupported \r\n  ARP type: ARPA, ARP Timeout 04:00:00\r\n  Last input never, output never, output hang never\r\n  Last clearing of \"show interface\" counters never\r\n  Input queue: 0/2000/0/0 (size/max/drops/flushes); Total output drops: 0\r\n  Queueing strategy: Class-based queueing\r\n  Output queue: 0/40 (size/max)\r\n  5 minute input rate 0 bits/sec, 0 packets/sec\r\n  5 minute output rate 0 bits/sec, 0 packets/sec\r\n     0 packets input, 0 bytes, 0 no buffer\r\n     Received 0 broadcasts (0 multicasts)\r\n     0 runts, 0 giants, 0 throttles \r\n     0 input errors, 0 CRC, 0 frame, 0 overrun, 0 ignored\r\n     0 watchdog, 0 multicast, 0 pause input\r\n     0 input packets with dribble condition detected\r\n     0 packets output, 0 bytes, 0 underruns\r\n     Output 0 broadcasts (0 multicasts)\r\n     0 output errors, 0 collisions, 2 interface resets\r\n     0 unknown protocol drops\r\n     0 babbles, 0 late collision, 0 deferred\r\n     0 lost carrier, 0 no carrier, 0 pause output\r\n     0 output buffer failures, 0 output buffers swapped out\r\nTenGigabitEthernet1/0/19 is up, line protocol is up (connected) \r\n  Hardware is Ten Gigabit Ethernet, address is a0f8.494e.ed93 (bia a0f8.494e.ed93)\r\n  Description: SERVER\r\n  MTU 1500 bytes, BW 1000000 Kbit/sec, DLY 10 usec, \r\n     reliability 255/255, txload 1/255, rxload 1/255\r\n  Encapsulation ARPA, loopback not set\r\n  Keepalive set (10 sec)\r\n  Full-duplex, 1000Mb/s, media type is 100/1000/2.5G/5G/10GBaseTX\r\n  input flow-control is on, output flow-control is unsupported \r\n  ARP type: ARPA, ARP Timeout 04:00:00\r\n  Last input never, output 00:00:00, output hang never\r\n  Last clearing of \"show interface\" counters never\r\n  Input queue: 0/2000/0/0 (size/max/drops/flushes); Total output drops: 0\r\n  Queueing strategy: fifo\r\n  Output queue: 0/40 (size/max)\r\n  5 minute input rate 1000 bits/sec, 1 packets/sec\r\n  5 minute output rate 56000 bits/sec, 17 packets/sec\r\n     7867421 packets input, 1071072911 bytes, 0 no buffer\r\n     Received 8577 broadcasts (3806 multicasts)\r\n     0 runts, 0 giants, 0 throttles \r\n     0 input errors, 0 CRC, 0 frame, 0 overrun, 0 ignored\r\n     0 watchdog, 3806 multicast, 0 pause input\r\n     0 input packets with dribble condition detected\r\n     52591594 packets output, 15945079577 bytes, 0 underruns\r\n     Output 3594044 broadcasts (0 multicasts)\r\n     0 output errors, 0 collisions, 2 interface resets\r\n     0 unknown protocol drops\r\n     0 babbles, 0 late collision, 0 deferred\r\n     0 lost carrier, 0 no carrier, 0 pause output\r\n     0 output buffer failures, 0 output buffers swapped out\r\nTenGigabitEthernet1/0/20 is up, line protocol is up (connected) \r\n  Hardware is Ten Gigabit Ethernet, address is a0f8.494e.ed94 (bia a0f8.494e.ed94)\r\n  Description: SERVER\r\n  MTU 1500 bytes, BW 1000000 Kbit/sec, DLY 10 usec, \r\n     reliability 255/255, txload 1/255, rxload 1/255\r\n  Encapsulation ARPA, loopback not set\r\n  Keepalive set (10 sec)\r\n  Full-duplex, 1000Mb/s, media type is 100/1000/2.5G/5G/10GBaseTX\r\n  input flow-control is on, output flow-control is unsupported \r\n  ARP type: ARPA, ARP Timeout 04:00:00\r\n  Last input never, output 00:00:00, output hang never\r\n  Last clearing of \"show interface\" counters never\r\n  Input queue: 0/2000/0/0 (size/max/drops/flushes); Total output drops: 0\r\n  Queueing strategy: Class-based queueing\r\n  Output queue: 0/40 (size/max)\r\n  5 minute input rate 8000 bits/sec, 7 packets/sec\r\n  5 minute output rate 82000 bits/sec, 45 packets/sec\r\n     30052545 packets input, 4672499901 bytes, 0 no buffer\r\n     Received 24610 broadcasts (2833 multicasts)\r\n     0 runts, 0 giants, 0 throttles \r\n     0 input errors, 0 CRC, 0 frame, 0 overrun, 0 ignored\r\n     0 watchdog, 2833 multicast, 0 pause input\r\n     0 input packets with dribble condition detected\r\n     131624908 packets output, 34194235501 bytes, 0 underruns\r\n     Output 3576608 broadcasts (0 multicasts)\r\n     0 output errors, 0 collisions, 2 interface resets\r\n     0 unknown protocol drops\r\n     0 babbles, 0 late collision, 0 deferred\r\n     0 lost carrier, 0 no carrier, 0 pause output\r\n     0 output buffer failures, 0 output buffers swapped out\r\nTenGigabitEthernet1/0/21 is down, line protocol is down (notconnect) \r\n  Hardware is Ten Gigabit Ethernet, address is a0f8.494e.ed95 (bia a0f8.494e.ed95)\r\n  Description: SERVER\r\n  MTU 1500 bytes, BW 10000000 Kbit/sec, DLY 10 usec, \r\n     reliability 255/255, txload 1/255, rxload 1/255\r\n  Encapsulation ARPA, loopback not set\r\n  Keepalive set (10 sec)\r\n  Auto-duplex, Auto-speed, media type is 100/1000/2.5G/5G/10GBaseTX\r\n  input flow-control is on, output flow-control is unsupported \r\n  ARP type: ARPA, ARP Timeout 04:00:00\r\n  Last input never, output never, output hang never\r\n  Last clearing of \"show interface\" counters never\r\n  Input queue: 0/2000/0/0 (size/max/drops/flushes); Total output drops: 0\r\n  Queueing strategy: Class-based queueing\r\n  Output queue: 0/40 (size/max)\r\n  5 minute input rate 0 bits/sec, 0 packets/sec\r\n  5 minute output rate 0 bits/sec, 0 packets/sec\r\n     0 packets input, 0 bytes, 0 no buffer\r\n     Received 0 broadcasts (0 multicasts)\r\n     0 runts, 0 giants, 0 throttles \r\n     0 input errors, 0 CRC, 0 frame, 0 overrun, 0 ignored\r\n     0 watchdog, 0 multicast, 0 pause input\r\n     0 input packets with dribble condition detected\r\n     0 packets output, 0 bytes, 0 underruns\r\n     Output 0 broadcasts (0 multicasts)\r\n     0 output errors, 0 collisions, 2 interface resets\r\n     0 unknown protocol drops\r\n     0 babbles, 0 late collision, 0 deferred\r\n     0 lost carrier, 0 no carrier, 0 pause output\r\n     0 output buffer failures, 0 output buffers swapped out\r\nTenGigabitEthernet1/0/22 is up, line protocol is up (connected) \r\n  Hardware is Ten Gigabit Ethernet, address is a0f8.494e.ed96 (bia a0f8.494e.ed96)\r\n  Description: SERVER\r\n  MTU 1500 bytes, BW 1000000 Kbit/sec, DLY 10 usec, \r\n     reliability 255/255, txload 1/255, rxload 1/255\r\n  Encapsulation ARPA, loopback not set\r\n  Keepalive set (10 sec)\r\n  Full-duplex, 1000Mb/s, media type is 100/1000/2.5G/5G/10GBaseTX\r\n  input flow-control is on, output flow-control is unsupported \r\n  ARP type: ARPA, ARP Timeout 04:00:00\r\n  Last input never, output 00:00:00, output hang never\r\n  Last clearing of \"show interface\" counters never\r\n  Input queue: 0/2000/0/0 (size/max/drops/flushes); Total output drops: 0\r\n  Queueing strategy: Class-based queueing\r\n  Output queue: 0/40 (size/max)\r\n  5 minute input rate 0 bits/sec, 0 packets/sec\r\n  5 minute output rate 15000 bits/sec, 13 packets/sec\r\n     173004 packets input, 26538976 bytes, 0 no buffer\r\n     Received 56810 broadcasts (50719 multicasts)\r\n     0 runts, 0 giants, 0 throttles \r\n     0 input errors, 0 CRC, 0 frame, 0 overrun, 0 ignored\r\n     0 watchdog, 50719 multicast, 0 pause input\r\n     0 input packets with dribble condition detected\r\n     41399027 packets output, 8041907822 bytes, 0 underruns\r\n     Output 3592737 broadcasts (0 multicasts)\r\n     0 output errors, 0 collisions, 2 interface resets\r\n     0 unknown protocol drops\r\n     0 babbles, 0 late collision, 0 deferred\r\n     0 lost carrier, 0 no carrier, 0 pause output\r\n     0 output buffer failures, 0 output buffers swapped out\r\nTenGigabitEthernet1/0/23 is up, line protocol is up (connected) \r\n  Hardware is Ten Gigabit Ethernet, address is a0f8.494e.ed97 (bia a0f8.494e.ed97)\r\n  Description: AP\r\n  MTU 1500 bytes, BW 1000000 Kbit/sec, DLY 10 usec, \r\n     reliability 255/255, txload 1/255, rxload 1/255\r\n  Encapsulation ARPA, loopback not set\r\n  Keepalive set (10 sec)\r\n  Full-duplex, 1000Mb/s, media type is 100/1000/2.5G/5G/10GBaseTX\r\n  input flow-control is on, output flow-control is unsupported \r\n  ARP type: ARPA, ARP Timeout 04:00:00\r\n  Last input 00:00:02, output 00:00:00, output hang never\r\n  Last clearing of \"show interface\" counters never\r\n  Input queue: 0/2000/0/0 (size/max/drops/flushes); Total output drops: 0\r\n  Queueing strategy: fifo\r\n  Output queue: 0/40 (size/max)\r\n  5 minute input rate 385000 bits/sec, 86 packets/sec\r\n  5 minute output rate 1409000 bits/sec, 222 packets/sec\r\n     232371543 packets input, 113492326163 bytes, 0 no buffer\r\n     Received 13712738 broadcasts (10322535 multicasts)\r\n     0 runts, 0 giants, 0 throttles \r\n     0 input errors, 0 CRC, 0 frame, 0 overrun, 0 ignored\r\n     0 watchdog, 10322535 multicast, 0 pause input\r\n     0 input packets with dribble condition detected\r\n     545236051 packets output, 586328110062 bytes, 0 underruns\r\n     Output 191361 broadcasts (0 multicasts)\r\n     0 output errors, 0 collisions, 2 interface resets\r\n     0 unknown protocol drops\r\n     0 babbles, 0 late collision, 0 deferred\r\n     0 lost carrier, 0 no carrier, 0 pause output\r\n     0 output buffer failures, 0 output buffers swapped out\r\nTenGigabitEthernet1/0/24 is down, line protocol is down (notconnect) \r\n  Hardware is Ten Gigabit Ethernet, address is a0f8.494e.ed98 (bia a0f8.494e.ed98)\r\n  Description: AP\r\n  MTU 1500 bytes, BW 10000000 Kbit/sec, DLY 10 usec, \r\n     reliability 255/255, txload 1/255, rxload 1/255\r\n  Encapsulation ARPA, loopback not set\r\n  Keepalive set (10 sec)\r\n  Auto-duplex, Auto-speed, media type is 100/1000/2.5G/5G/10GBaseTX\r\n  input flow-control is on, output flow-control is unsupported \r\n  ARP type: ARPA, ARP Timeout 04:00:00\r\n  Last input never, output never, output hang never\r\n  Last clearing of \"show interface\" counters never\r\n  Input queue: 0/2000/0/0 (size/max/drops/flushes); Total output drops: 0\r\n  Queueing strategy: fifo\r\n  Output queue: 0/40 (size/max)\r\n  5 minute input rate 0 bits/sec, 0 packets/sec\r\n  5 minute output rate 0 bits/sec, 0 packets/sec\r\n     0 packets input, 0 bytes, 0 no buffer\r\n     Received 0 broadcasts (0 multicasts)\r\n     0 runts, 0 giants, 0 throttles \r\n     0 input errors, 0 CRC, 0 frame, 0 overrun, 0 ignored\r\n     0 watchdog, 0 multicast, 0 pause input\r\n     0 input packets with dribble condition detected\r\n     0 packets output, 0 bytes, 0 underruns\r\n     Output 0 broadcasts (0 multicasts)\r\n     0 output errors, 0 collisions, 2 interface resets\r\n     0 unknown protocol drops\r\n     0 babbles, 0 late collision, 0 deferred\r\n     0 lost carrier, 0 no carrier, 0 pause output\r\n     0 output buffer failures, 0 output buffers swapped out\r\nGigabitEthernet1/1/1 is down, line protocol is down (notconnect) \r\n  Hardware is not present\r\n  Hardware is Gigabit Ethernet, address is a0f8.494e.ed99 (bia a0f8.494e.ed99)\r\n  MTU 1500 bytes, BW 1000000 Kbit/sec, DLY 10 usec, \r\n     reliability 255/255, txload 1/255, rxload 1/255\r\n  Encapsulation ARPA, loopback not set\r\n  Keepalive not set\r\n  ARP type: ARPA, ARP Timeout 04:00:00\r\n  Last input never, output never, output hang never\r\n  Last clearing of \"show interface\" counters never\r\n  Input queue: 0/2000/0/0 (size/max/drops/flushes); Total output drops: 0\r\n  Queueing strategy: fifo\r\n  Output queue: 0/40 (size/max)\r\n  5 minute input rate 0 bits/sec, 0 packets/sec\r\n  5 minute output rate 0 bits/sec, 0 packets/sec\r\n     0 packets input, 0 bytes, 0 no buffer\r\n     Received 0 broadcasts (0 multicasts)\r\n     0 runts, 0 giants, 0 throttles \r\n     0 input errors, 0 CRC, 0 frame, 0 overrun, 0 ignored\r\n     0 watchdog, 0 multicast, 0 pause input\r\n     0 input packets with dribble condition detected\r\n     0 packets output, 0 bytes, 0 underruns\r\n     Output 0 broadcasts (0 multicasts)\r\n     0 output errors, 0 collisions, 0 interface resets\r\n     0 unknown protocol drops\r\n     0 babbles, 0 late collision, 0 deferred\r\n     0 lost carrier, 0 no carrier, 0 pause output\r\n     0 output buffer failures, 0 output buffers swapped out\r\nGigabitEthernet1/1/2 is down, line protocol is down (notconnect) \r\n  Hardware is not present\r\n  Hardware is Gigabit Ethernet, address is a0f8.494e.ed9a (bia a0f8.494e.ed9a)\r\n  MTU 1500 bytes, BW 1000000 Kbit/sec, DLY 10 usec, \r\n     reliability 255/255, txload 1/255, rxload 1/255\r\n  Encapsulation ARPA, loopback not set\r\n  Keepalive not set\r\n  ARP type: ARPA, ARP Timeout 04:00:00\r\n  Last input never, output never, output hang never\r\n  Last clearing of \"show interface\" counters never\r\n  Input queue: 0/2000/0/0 (size/max/drops/flushes); Total output drops: 0\r\n  Queueing strategy: fifo\r\n  Output queue: 0/40 (size/max)\r\n  5 minute input rate 0 bits/sec, 0 packets/sec\r\n  5 minute output rate 0 bits/sec, 0 packets/sec\r\n     0 packets input, 0 bytes, 0 no buffer\r\n     Received 0 broadcasts (0 multicasts)\r\n     0 runts, 0 giants, 0 throttles \r\n     0 input errors, 0 CRC, 0 frame, 0 overrun, 0 ignored\r\n     0 watchdog, 0 multicast, 0 pause input\r\n     0 input packets with dribble condition detected\r\n     0 packets output, 0 bytes, 0 underruns\r\n     Output 0 broadcasts (0 multicasts)\r\n     0 output errors, 0 collisions, 0 interface resets\r\n     0 unknown protocol drops\r\n     0 babbles, 0 late collision, 0 deferred\r\n     0 lost carrier, 0 no carrier, 0 pause output\r\n     0 output buffer failures, 0 output buffers swapped out\r\nGigabitEthernet1/1/3 is administratively down, line protocol is down (disabled) \r\n  Hardware is not present\r\n  Hardware is Gigabit Ethernet, address is a0f8.494e.ed9b (bia a0f8.494e.ed9b)\r\n  MTU 1500 bytes, BW 1000000 Kbit/sec, DLY 10 usec, \r\n     reliability 255/255, txload 1/255, rxload 1/255\r\n  Encapsulation ARPA, loopback not set\r\n  Keepalive not set\r\n  ARP type: ARPA, ARP Timeout 04:00:00\r\n  Last input never, output never, output hang never\r\n  Last clearing of \"show interface\" counters never\r\n  Input queue: 0/2000/0/0 (size/max/drops/flushes); Total output drops: 0\r\n  Queueing strategy: fifo\r\n  Output queue: 0/40 (size/max)\r\n  5 minute input rate 0 bits/sec, 0 packets/sec\r\n  5 minute output rate 0 bits/sec, 0 packets/sec\r\n     0 packets input, 0 bytes, 0 no buffer\r\n     Received 0 broadcasts (0 multicasts)\r\n     0 runts, 0 giants, 0 throttles \r\n     0 input errors, 0 CRC, 0 frame, 0 overrun, 0 ignored\r\n     0 watchdog, 0 multicast, 0 pause input\r\n     0 input packets with dribble condition detected\r\n     0 packets output, 0 bytes, 0 underruns\r\n     Output 0 broadcasts (0 multicasts)\r\n     0 output errors, 0 collisions, 0 interface resets\r\n     0 unknown protocol drops\r\n     0 babbles, 0 late collision, 0 deferred\r\n     0 lost carrier, 0 no carrier, 0 pause output\r\n     0 output buffer failures, 0 output buffers swapped out\r\nGigabitEthernet1/1/4 is administratively down, line protocol is down (disabled) \r\n  Hardware is not present\r\n  Hardware is Gigabit Ethernet, address is a0f8.494e.ed9c (bia a0f8.494e.ed9c)\r\n  MTU 1500 bytes, BW 1000000 Kbit/sec, DLY 10 usec, \r\n     reliability 255/255, txload 1/255, rxload 1/255\r\n  Encapsulation ARPA, loopback not set\r\n  Keepalive not set\r\n  ARP type: ARPA, ARP Timeout 04:00:00\r\n  Last input never, output never, output hang never\r\n  Last clearing of \"show interface\" counters never\r\n  Input queue: 0/2000/0/0 (size/max/drops/flushes); Total output drops: 0\r\n  Queueing strategy: fifo\r\n  Output queue: 0/40 (size/max)\r\n  5 minute input rate 0 bits/sec, 0 packets/sec\r\n  5 minute output rate 0 bits/sec, 0 packets/sec\r\n     0 packets input, 0 bytes, 0 no buffer\r\n     Received 0 broadcasts (0 multicasts)\r\n     0 runts, 0 giants, 0 throttles \r\n     0 input errors, 0 CRC, 0 frame, 0 overrun, 0 ignored\r\n     0 watchdog, 0 multicast, 0 pause input\r\n     0 input packets with dribble condition detected\r\n     0 packets output, 0 bytes, 0 underruns\r\n     Output 0 broadcasts (0 multicasts)\r\n     0 output errors, 0 collisions, 0 interface resets\r\n     0 unknown protocol drops\r\n     0 babbles, 0 late collision, 0 deferred\r\n     0 lost carrier, 0 no carrier, 0 pause output\r\n     0 output buffer failures, 0 output buffers swapped out\r\nTenGigabitEthernet1/1/1 is down, line protocol is down (notconnect) \r\n  Hardware is Ten Gigabit Ethernet, address is a0f8.494e.ed9d (bia a0f8.494e.ed9d)\r\n  MTU 1500 bytes, BW 10000000 Kbit/sec, DLY 10 usec, \r\n     reliability 255/255, txload 1/255, rxload 1/255\r\n  Encapsulation ARPA, loopback not set\r\n  Keepalive not set\r\n  Auto-duplex, Auto-speed, link type is auto, media type is unknown\r\n  input flow-control is on, output flow-control is unsupported \r\n  ARP type: ARPA, ARP Timeout 04:00:00\r\n  Last input never, output never, output hang never\r\n  Last clearing of \"show interface\" counters never\r\n  Input queue: 0/2000/0/0 (size/max/drops/flushes); Total output drops: 0\r\n  Queueing strategy: fifo\r\n  Output queue: 0/40 (size/max)\r\n  5 minute input rate 0 bits/sec, 0 packets/sec\r\n  5 minute output rate 0 bits/sec, 0 packets/sec\r\n     0 packets input, 0 bytes, 0 no buffer\r\n     Received 0 broadcasts (0 multicasts)\r\n     0 runts, 0 giants, 0 throttles \r\n     0 input errors, 0 CRC, 0 frame, 0 overrun, 0 ignored\r\n     0 watchdog, 0 multicast, 0 pause input\r\n     0 input packets with dribble condition detected\r\n     0 packets output, 0 bytes, 0 underruns\r\n     Output 0 broadcasts (0 multicasts)\r\n     0 output errors, 0 collisions, 2 interface resets\r\n     0 unknown protocol drops\r\n     0 babbles, 0 late collision, 0 deferred\r\n     0 lost carrier, 0 no carrier, 0 pause output\r\n     0 output buffer failures, 0 output buffers swapped out\r\nTenGigabitEthernet1/1/2 is down, line protocol is down (notconnect) \r\n  Hardware is Ten Gigabit Ethernet, address is a0f8.494e.ed9e (bia a0f8.494e.ed9e)\r\n  MTU 1500 bytes, BW 10000000 Kbit/sec, DLY 10 usec, \r\n     reliability 255/255, txload 1/255, rxload 1/255\r\n  Encapsulation ARPA, loopback not set\r\n  Keepalive not set\r\n  Auto-duplex, Auto-speed, link type is auto, media type is unknown\r\n  input flow-control is on, output flow-control is unsupported \r\n  ARP type: ARPA, ARP Timeout 04:00:00\r\n  Last input never, output never, output hang never\r\n  Last clearing of \"show interface\" counters never\r\n  Input queue: 0/2000/0/0 (size/max/drops/flushes); Total output drops: 0\r\n  Queueing strategy: fifo\r\n  Output queue: 0/40 (size/max)\r\n  5 minute input rate 0 bits/sec, 0 packets/sec\r\n  5 minute output rate 0 bits/sec, 0 packets/sec\r\n     0 packets input, 0 bytes, 0 no buffer\r\n     Received 0 broadcasts (0 multicasts)\r\n     0 runts, 0 giants, 0 throttles \r\n     0 input errors, 0 CRC, 0 frame, 0 overrun, 0 ignored\r\n     0 watchdog, 0 multicast, 0 pause input\r\n     0 input packets with dribble condition detected\r\n     0 packets output, 0 bytes, 0 underruns\r\n     Output 0 broadcasts (0 multicasts)\r\n     0 output errors, 0 collisions, 2 interface resets\r\n     0 unknown protocol drops\r\n     0 babbles, 0 late collision, 0 deferred\r\n     0 lost carrier, 0 no carrier, 0 pause output\r\n     0 output buffer failures, 0 output buffers swapped out\r\nTenGigabitEthernet1/1/3 is administratively down, line protocol is down (disabled) \r\n  Hardware is Ten Gigabit Ethernet, address is a0f8.494e.ed9f (bia a0f8.494e.ed9f)\r\n  MTU 1500 bytes, BW 10000000 Kbit/sec, DLY 10 usec, \r\n     reliability 255/255, txload 1/255, rxload 1/255\r\n  Encapsulation ARPA, loopback not set\r\n  Keepalive not set\r\n  Auto-duplex, Auto-speed, link type is auto, media type is unknown\r\n  input flow-control is on, output flow-control is unsupported \r\n  ARP type: ARPA, ARP Timeout 04:00:00\r\n  Last input never, output never, output hang never\r\n  Last clearing of \"show interface\" counters never\r\n  Input queue: 0/2000/0/0 (size/max/drops/flushes); Total output drops: 0\r\n  Queueing strategy: fifo\r\n  Output queue: 0/40 (size/max)\r\n  5 minute input rate 0 bits/sec, 0 packets/sec\r\n  5 minute output rate 0 bits/sec, 0 packets/sec\r\n     0 packets input, 0 bytes, 0 no buffer\r\n     Received 0 broadcasts (0 multicasts)\r\n     0 runts, 0 giants, 0 throttles \r\n     0 input errors, 0 CRC, 0 frame, 0 overrun, 0 ignored\r\n     0 watchdog, 0 multicast, 0 pause input\r\n     0 input packets with dribble condition detected\r\n     0 packets output, 0 bytes, 0 underruns\r\n     Output 0 broadcasts (0 multicasts)\r\n     0 output errors, 0 collisions, 0 interface resets\r\n     0 unknown protocol drops\r\n     0 babbles, 0 late collision, 0 deferred\r\n     0 lost carrier, 0 no carrier, 0 pause output\r\n     0 output buffer failures, 0 output buffers swapped out\r\nTenGigabitEthernet1/1/4 is administratively down, line protocol is down (disabled) \r\n  Hardware is Ten Gigabit Ethernet, address is a0f8.494e.eda0 (bia a0f8.494e.eda0)\r\n  MTU 1500 bytes, BW 10000000 Kbit/sec, DLY 10 usec, \r\n     reliability 255/255, txload 1/255, rxload 1/255\r\n  Encapsulation ARPA, loopback not set\r\n  Keepalive not set\r\n  Auto-duplex, Auto-speed, link type is auto, media type is unknown\r\n  input flow-control is on, output flow-control is unsupported \r\n  ARP type: ARPA, ARP Timeout 04:00:00\r\n  Last input never, output never, output hang never\r\n  Last clearing of \"show interface\" counters never\r\n  Input queue: 0/2000/0/0 (size/max/drops/flushes); Total output drops: 0\r\n  Queueing strategy: fifo\r\n  Output queue: 0/40 (size/max)\r\n  5 minute input rate 0 bits/sec, 0 packets/sec\r\n  5 minute output rate 0 bits/sec, 0 packets/sec\r\n     0 packets input, 0 bytes, 0 no buffer\r\n     Received 0 broadcasts (0 multicasts)\r\n     0 runts, 0 giants, 0 throttles \r\n     0 input errors, 0 CRC, 0 frame, 0 overrun, 0 ignored\r\n     0 watchdog, 0 multicast, 0 pause input\r\n     0 input packets with dribble condition detected\r\n     0 packets output, 0 bytes, 0 underruns\r\n     Output 0 broadcasts (0 multicasts)\r\n     0 output errors, 0 collisions, 0 interface resets\r\n     0 unknown protocol drops\r\n     0 babbles, 0 late collision, 0 deferred\r\n     0 lost carrier, 0 no carrier, 0 pause output\r\n     0 output buffer failures, 0 output buffers swapped out\r\nTenGigabitEthernet1/1/5 is down, line protocol is down (notconnect) \r\n  Hardware is not present\r\n  Hardware is Ten Gigabit Ethernet, address is a0f8.494e.eda1 (bia a0f8.494e.eda1)\r\n  MTU 1500 bytes, BW 10000000 Kbit/sec, DLY 10 usec, \r\n     reliability 255/255, txload 1/255, rxload 1/255\r\n  Encapsulation ARPA, loopback not set\r\n  Keepalive not set\r\n  ARP type: ARPA, ARP Timeout 04:00:00\r\n  Last input never, output never, output hang never\r\n  Last clearing of \"show interface\" counters never\r\n  Input queue: 0/2000/0/0 (size/max/drops/flushes); Total output drops: 0\r\n  Queueing strategy: fifo\r\n  Output queue: 0/40 (size/max)\r\n  5 minute input rate 0 bits/sec, 0 packets/sec\r\n  5 minute output rate 0 bits/sec, 0 packets/sec\r\n     0 packets input, 0 bytes, 0 no buffer\r\n     Received 0 broadcasts (0 multicasts)\r\n     0 runts, 0 giants, 0 throttles \r\n     0 input errors, 0 CRC, 0 frame, 0 overrun, 0 ignored\r\n     0 watchdog, 0 multicast, 0 pause input\r\n     0 input packets with dribble condition detected\r\n     0 packets output, 0 bytes, 0 underruns\r\n     Output 0 broadcasts (0 multicasts)\r\n     0 output errors, 0 collisions, 0 interface resets\r\n     0 unknown protocol drops\r\n     0 babbles, 0 late collision, 0 deferred\r\n     0 lost carrier, 0 no carrier, 0 pause output\r\n     0 output buffer failures, 0 output buffers swapped out\r\nTenGigabitEthernet1/1/6 is down, line protocol is down (notconnect) \r\n  Hardware is not present\r\n  Hardware is Ten Gigabit Ethernet, address is a0f8.494e.eda2 (bia a0f8.494e.eda2)\r\n  MTU 1500 bytes, BW 10000000 Kbit/sec, DLY 10 usec, \r\n     reliability 255/255, txload 1/255, rxload 1/255\r\n  Encapsulation ARPA, loopback not set\r\n  Keepalive not set\r\n  ARP type: ARPA, ARP Timeout 04:00:00\r\n  Last input never, output never, output hang never\r\n  Last clearing of \"show interface\" counters never\r\n  Input queue: 0/2000/0/0 (size/max/drops/flushes); Total output drops: 0\r\n  Queueing strategy: fifo\r\n  Output queue: 0/40 (size/max)\r\n  5 minute input rate 0 bits/sec, 0 packets/sec\r\n  5 minute output rate 0 bits/sec, 0 packets/sec\r\n     0 packets input, 0 bytes, 0 no buffer\r\n     Received 0 broadcasts (0 multicasts)\r\n     0 runts, 0 giants, 0 throttles \r\n     0 input errors, 0 CRC, 0 frame, 0 overrun, 0 ignored\r\n     0 watchdog, 0 multicast, 0 pause input\r\n     0 input packets with dribble condition detected\r\n     0 packets output, 0 bytes, 0 underruns\r\n     Output 0 broadcasts (0 multicasts)\r\n     0 output errors, 0 collisions, 0 interface resets\r\n     0 unknown protocol drops\r\n     0 babbles, 0 late collision, 0 deferred\r\n     0 lost carrier, 0 no carrier, 0 pause output\r\n     0 output buffer failures, 0 output buffers swapped out\r\nTenGigabitEthernet1/1/7 is down, line protocol is down (notconnect) \r\n  Hardware is not present\r\n  Hardware is Ten Gigabit Ethernet, address is a0f8.494e.eda3 (bia a0f8.494e.eda3)\r\n  MTU 1500 bytes, BW 10000000 Kbit/sec, DLY 10 usec, \r\n     reliability 255/255, txload 1/255, rxload 1/255\r\n  Encapsulation ARPA, loopback not set\r\n  Keepalive not set\r\n  ARP type: ARPA, ARP Timeout 04:00:00\r\n  Last input never, output never, output hang never\r\n  Last clearing of \"show interface\" counters never\r\n  Input queue: 0/2000/0/0 (size/max/drops/flushes); Total output drops: 0\r\n  Queueing strategy: fifo\r\n  Output queue: 0/40 (size/max)\r\n  5 minute input rate 0 bits/sec, 0 packets/sec\r\n  5 minute output rate 0 bits/sec, 0 packets/sec\r\n     0 packets input, 0 bytes, 0 no buffer\r\n     Received 0 broadcasts (0 multicasts)\r\n     0 runts, 0 giants, 0 throttles \r\n     0 input errors, 0 CRC, 0 frame, 0 overrun, 0 ignored\r\n     0 watchdog, 0 multicast, 0 pause input\r\n     0 input packets with dribble condition detected\r\n     0 packets output, 0 bytes, 0 underruns\r\n     Output 0 broadcasts (0 multicasts)\r\n     0 output errors, 0 collisions, 0 interface resets\r\n     0 unknown protocol drops\r\n     0 babbles, 0 late collision, 0 deferred\r\n     0 lost carrier, 0 no carrier, 0 pause output\r\n     0 output buffer failures, 0 output buffers swapped out\r\nTenGigabitEthernet1/1/8 is down, line protocol is down (notconnect) \r\n  Hardware is not present\r\n  Hardware is Ten Gigabit Ethernet, address is a0f8.494e.eda4 (bia a0f8.494e.eda4)\r\n  MTU 1500 bytes, BW 10000000 Kbit/sec, DLY 10 usec, \r\n     reliability 255/255, txload 1/255, rxload 1/255\r\n  Encapsulation ARPA, loopback not set\r\n  Keepalive not set\r\n  ARP type: ARPA, ARP Timeout 04:00:00\r\n  Last input never, output never, output hang never\r\n  Last clearing of \"show interface\" counters never\r\n  Input queue: 0/2000/0/0 (size/max/drops/flushes); Total output drops: 0\r\n  Queueing strategy: fifo\r\n  Output queue: 0/40 (size/max)\r\n  5 minute input rate 0 bits/sec, 0 packets/sec\r\n  5 minute output rate 0 bits/sec, 0 packets/sec\r\n     0 packets input, 0 bytes, 0 no buffer\r\n     Received 0 broadcasts (0 multicasts)\r\n     0 runts, 0 giants, 0 throttles \r\n     0 input errors, 0 CRC, 0 frame, 0 overrun, 0 ignored\r\n     0 watchdog, 0 multicast, 0 pause input\r\n     0 input packets with dribble condition detected\r\n     0 packets output, 0 bytes, 0 underruns\r\n     Output 0 broadcasts (0 multicasts)\r\n     0 output errors, 0 collisions, 0 interface resets\r\n     0 unknown protocol drops\r\n     0 babbles, 0 late collision, 0 deferred\r\n     0 lost carrier, 0 no carrier, 0 pause output\r\n     0 output buffer failures, 0 output buffers swapped out\r\nFortyGigabitEthernet1/1/1 is down, line protocol is down (notconnect) \r\n  Hardware is not present\r\n  Hardware is Forty Gigabit Ethernet, address is a0f8.494e.eda5 (bia a0f8.494e.eda5)\r\n  MTU 1500 bytes, BW 40000000 Kbit/sec, DLY 10 usec, \r\n     reliability 255/255, txload 1/255, rxload 1/255\r\n  Encapsulation ARPA, loopback not set\r\n  Keepalive not set\r\n  ARP type: ARPA, ARP Timeout 04:00:00\r\n  Last input never, output never, output hang never\r\n  Last clearing of \"show interface\" counters never\r\n  Input queue: 0/2000/0/0 (size/max/drops/flushes); Total output drops: 0\r\n  Queueing strategy: fifo\r\n  Output queue: 0/40 (size/max)\r\n  5 minute input rate 0 bits/sec, 0 packets/sec\r\n  5 minute output rate 0 bits/sec, 0 packets/sec\r\n     0 packets input, 0 bytes, 0 no buffer\r\n     Received 0 broadcasts (0 multicasts)\r\n     0 runts, 0 giants, 0 throttles \r\n     0 input errors, 0 CRC, 0 frame, 0 overrun, 0 ignored\r\n     0 watchdog, 0 multicast, 0 pause input\r\n     0 input packets with dribble condition detected\r\n     0 packets output, 0 bytes, 0 underruns\r\n     Output 0 broadcasts (0 multicasts)\r\n     0 output errors, 0 collisions, 0 interface resets\r\n     0 unknown protocol drops\r\n     0 babbles, 0 late collision, 0 deferred\r\n     0 lost carrier, 0 no carrier, 0 pause output\r\n     0 output buffer failures, 0 output buffers swapped out\r\nFortyGigabitEthernet1/1/2 is down, line protocol is down (notconnect) \r\n  Hardware is not present\r\n  Hardware is Forty Gigabit Ethernet, address is a0f8.494e.eda6 (bia a0f8.494e.eda6)\r\n  MTU 1500 bytes, BW 40000000 Kbit/sec, DLY 10 usec, \r\n     reliability 255/255, txload 1/255, rxload 1/255\r\n  Encapsulation ARPA, loopback not set\r\n  Keepalive not set\r\n  ARP type: ARPA, ARP Timeout 04:00:00\r\n  Last input never, output never, output hang never\r\n  Last clearing of \"show interface\" counters never\r\n  Input queue: 0/2000/0/0 (size/max/drops/flushes); Total output drops: 0\r\n  Queueing strategy: fifo\r\n  Output queue: 0/40 (size/max)\r\n  5 minute input rate 0 bits/sec, 0 packets/sec\r\n  5 minute output rate 0 bits/sec, 0 packets/sec\r\n     0 packets input, 0 bytes, 0 no buffer\r\n     Received 0 broadcasts (0 multicasts)\r\n     0 runts, 0 giants, 0 throttles \r\n     0 input errors, 0 CRC, 0 frame, 0 overrun, 0 ignored\r\n     0 watchdog, 0 multicast, 0 pause input\r\n     0 input packets with dribble condition detected\r\n     0 packets output, 0 bytes, 0 underruns\r\n     Output 0 broadcasts (0 multicasts)\r\n     0 output errors, 0 collisions, 0 interface resets\r\n     0 unknown protocol drops\r\n     0 babbles, 0 late collision, 0 deferred\r\n     0 lost carrier, 0 no carrier, 0 pause output\r\n     0 output buffer failures, 0 output buffers swapped out\r\nPort-channel1 is up, line protocol is up (connected) \r\n  Hardware is EtherChannel, address is a0f8.494e.ed8f (bia a0f8.494e.ed8f)\r\n  Description: SYNOLOGY NAS\r\n  MTU 1500 bytes, BW 2000000 Kbit/sec, DLY 10 usec, \r\n     reliability 255/255, txload 1/255, rxload 1/255\r\n  Encapsulation ARPA, loopback not set\r\n  Keepalive set (10 sec)\r\n  Full-duplex, 1000Mb/s, link type is auto, media type is N/A\r\n  input flow-control is on, output flow-control is unsupported \r\n  Members in this channel: Te1/0/15 Te1/0/16 \r\n  ARP type: ARPA, ARP Timeout 04:00:00\r\n  Last input never, output 00:00:00, output hang never\r\n  Last clearing of \"show interface\" counters never\r\n  Input queue: 0/2000/0/0 (size/max/drops/flushes); Total output drops: 0\r\n  Queueing strategy: fifo\r\n  Output queue: 0/40 (size/max)\r\n  5 minute input rate 16000 bits/sec, 2 packets/sec\r\n  5 minute output rate 46000 bits/sec, 18 packets/sec\r\n     70382648 packets input, 92381901353 bytes, 0 no buffer\r\n     Received 305485 broadcasts (237690 multicasts)\r\n     0 runts, 0 giants, 0 throttles \r\n     0 input errors, 0 CRC, 0 frame, 0 overrun, 0 ignored\r\n     0 watchdog, 237690 multicast, 0 pause input\r\n     0 input packets with dribble condition detected\r\n     112532826 packets output, 87577497730 bytes, 0 underruns\r\n     Output 3531084 broadcasts (0 multicasts)\r\n     0 output errors, 0 collisions, 1 interface resets\r\n     0 unknown protocol drops\r\n     0 babbles, 0 late collision, 0 deferred\r\n     0 lost carrier, 0 no carrier, 0 pause output\r\n     0 output buffer failures, 0 output buffers swapped out",
      "success": true,
      "command": "show interfaces"
    }
  },
  "Cisco_IOS_XE_16.x_Show_Interface_Status": {
    "2025-05-14T13:35:39.727853": {
      "output": "Port         Name               Status       Vlan       Duplex  Speed Type\r\nTe1/0/1      UPLINK TO PFSENSE  connected    trunk      a-full a-1000 100/1000/2.5G/5G/10GBaseTX\r\nTe1/0/2      UPLINK TO WAN      notconnect   1            auto   auto 100/1000/2.5G/5G/10GBaseTX\r\nTe1/0/3      ENDPOINT           notconnect   108          auto   auto 100/1000/2.5G/5G/10GBaseTX\r\nTe1/0/4      ENDPOINT           notconnect   108          auto   auto 100/1000/2.5G/5G/10GBaseTX\r\nTe1/0/5      ENDPOINT           notconnect   108          auto   auto 100/1000/2.5G/5G/10GBaseTX\r\nTe1/0/6      ENDPOINT           connected    108        a-full a-1000 100/1000/2.5G/5G/10GBaseTX\r\nTe1/0/7      ENDPOINT           notconnect   108          auto   auto 100/1000/2.5G/5G/10GBaseTX\r\nTe1/0/8      ENDPOINT           notconnect   108          auto   auto 100/1000/2.5G/5G/10GBaseTX\r\nTe1/0/9      ENDPOINT           connected    108        a-full  a-100 100/1000/2.5G/5G/10GBaseTX\r\nTe1/0/10     ENDPOINT           notconnect   108          auto   auto 100/1000/2.5G/5G/10GBaseTX\r\nTe1/0/11     ENDPOINT           connected    108        a-full a-1000 100/1000/2.5G/5G/10GBaseTX\r\nTe1/0/12     ENDPOINT           notconnect   108          auto   auto 100/1000/2.5G/5G/10GBaseTX\r\nTe1/0/13     ENDPOINT           notconnect   108          auto   auto 100/1000/2.5G/5G/10GBaseTX\r\nTe1/0/14     ENDPOINT           notconnect   108          auto   auto 100/1000/2.5G/5G/10GBaseTX\r\nTe1/0/15                        connected    trunk      a-full a-1000 100/1000/2.5G/5G/10GBaseTX\r\nTe1/0/16                        connected    trunk      a-full a-1000 100/1000/2.5G/5G/10GBaseTX\r\nTe1/0/17     SERVER             connected    trunk      a-full a-1000 100/1000/2.5G/5G/10GBaseTX\r\nTe1/0/18     SERVER             notconnect   1            auto   auto 100/1000/2.5G/5G/10GBaseTX\r\nTe1/0/19     SERVER             connected    trunk      a-full a-1000 100/1000/2.5G/5G/10GBaseTX\r\nTe1/0/20     SERVER             connected    trunk      a-full a-1000 100/1000/2.5G/5G/10GBaseTX\r\nTe1/0/21     SERVER             notconnect   1            auto   auto 100/1000/2.5G/5G/10GBaseTX\r\nTe1/0/22     SERVER             connected    trunk      a-full a-1000 100/1000/2.5G/5G/10GBaseTX\r\nTe1/0/23     AP                 connected    trunk      a-full a-1000 100/1000/2.5G/5G/10GBaseTX\r\nTe1/0/24     AP                 notconnect   1            auto   auto 100/1000/2.5G/5G/10GBaseTX\r\nTe1/1/1                         notconnect   1            auto   auto unknown\r\nTe1/1/2                         notconnect   1            auto   auto unknown\r\nTe1/1/3                         disabled     1            auto   auto unknown\r\nTe1/1/4                         disabled     1            auto   auto unknown\r\nPo1          SYNOLOGY NAS       connected    trunk      a-full a-1000 N/A",
      "success": true,
      "command": "show interface status"
    }
  }
}