{
  "id": "0b6be2b1-b70d-4436-b706-71353f38d9ec",
  "alias": "Cisco Systems Device",
  "hostname": "",
  "ip_address": "10.1.8.2",
  "mac_address": "A0:F8:49:4E:ED:E1",
  "status": "up",
  "notes": "",
  "tags": [
    "scanned"
  ],
  "mac_vendor": "Cisco Systems",
  "scan_source": "nmap",
  "scan_timestamp": "2025-05-12 12:29:25",
  "type": "scanned",
  "name": "New Scanned Device",
  "created": "2025-05-12 12:29:25",
  "command_results": {
    "show_version": {
      "command_id": "show_version",
      "command": "show version",
      "output": "Simulated output for command: show version\nDevice: 10.1.8.2\nConnected as: admin\nTimestamp: 2025-05-12T21:55:08.250896\n----------------------------------------\nExample output for Show Version\n",
      "timestamp": "2025-05-12T21:55:08.250896",
      "success": true
    }
  },
  "command_history": [
    {
      "command_id": "show_version",
      "command": "show version",
      "output": "Simulated output for command: show version\nDevice: 10.1.8.2\nConnected as: admin\nTimestamp: 2025-05-12T21:55:08.250896\n----------------------------------------\nExample output for Show Version\n",
      "timestamp": "2025-05-12T21:55:08.250896",
      "success": true
    }
  ],
  "associated_files": {}
}