{
  "id": "8c91259f-6df5-4a7f-b505-a77747f4b70f",
  "alias": "Qingdao Intelligent&Precise Electronics Device",
  "hostname": "",
  "ip_address": "10.1.8.238",
  "mac_address": "38:64:07:B7:84:EA",
  "status": "up",
  "notes": "",
  "tags": [
    "scanned"
  ],
  "mac_vendor": "Qingdao Intelligent&Precise Electronics",
  "scan_source": "nmap",
  "scan_timestamp": "2025-05-12 12:29:25",
  "type": "scanned",
  "name": "New Scanned Device",
  "created": "2025-05-12 12:29:25",
  "associated_files": {}
}