{
  "id": "aee5f67d-7fa6-4c5b-baff-c1ffc78890e3",
  "alias": "Device at 10.1.8.202",
  "hostname": "",
  "ip_address": "10.1.8.202",
  "mac_address": "BA:03:0E:DD:5B:71",
  "status": "up",
  "notes": "",
  "tags": [
    "scanned"
  ],
  "scan_source": "nmap",
  "scan_timestamp": "2025-05-12 12:29:25",
  "type": "scanned",
  "name": "New Scanned Device",
  "created": "2025-05-12 12:29:25",
  "command_results": {
    "show_version": {
      "command_id": "show_version",
      "command": "show version",
      "output": "Error: No credentials available for device",
      "timestamp": "2025-05-12T21:54:28.724836",
      "success": false
    }
  },
  "command_history": [
    {
      "command_id": "show_version",
      "command": "show version",
      "output": "Error: No credentials available for device",
      "timestamp": "2025-05-12T21:54:28.724836",
      "success": false
    }
  ],
  "associated_files": {}
}