{
  "name": "default",
  "description": "Workspace default",
  "last_saved": "2025-05-14 21:38:37.113207",
  "devices": [
    "0b6be2b1-b70d-4436-b706-71353f38d9ec",
    "20eb42fc-98ca-4630-898c-114cbe7e010b",
    "2cab8304-ee1c-4045-9213-8a0b35a67cc2",
    "3c3cc6be-b036-4322-8391-503570015ef8",
    "8c91259f-6df5-4a7f-b505-a77747f4b70f",
    "a267c035-343e-4c5f-9d56-06febe26adbf",
    "a731906e-0df6-46bd-8a16-68e682edba42",
    "a9173897-41b0-4acd-a489-a00f14809183",
    "aee5f67d-7fa6-4c5b-baff-c1ffc78890e3",
    "b16b0a21-152d-42aa-8b0e-1683d87de294",
    "dbc26101-6995-4ad6-803e-a2dc60bb5a17",
    "f832b52a-5321-4d82-bfea-2cdd2e0d88c3"
  ],
  "groups": [
    "All Devices",
    "New Group"
  ],
  "enabled_plugins": [
    "command_manager",
    "network_scanner"
  ],
  "recycle_bin": [
    "10b8e28b-56a5-4b30-b9e4-6947ef07a1e1",
    "5d10c7d8-01d2-4f94-a05d-4ebfaa29a01f",
    "77afa8be-333b-453d-978b-f3bdcf363059",
    "f6b91c50-b70c-45b7-9dbe-fea33d402f95"
  ]
}